-- MySQL dump 10.13  Distrib 5.7.19, for osx10.12 (x86_64)
--
-- Host: localhost    Database: project
-- ------------------------------------------------------
-- Server version	5.7.19

/*!40101 SET @OLD_CHARACTER_SET_CLIENT=@@CHARACTER_SET_CLIENT */;
/*!40101 SET @OLD_CHARACTER_SET_RESULTS=@@CHARACTER_SET_RESULTS */;
/*!40101 SET @OLD_COLLATION_CONNECTION=@@COLLATION_CONNECTION */;
/*!40101 SET NAMES utf8 */;
/*!40103 SET @OLD_TIME_ZONE=@@TIME_ZONE */;
/*!40103 SET TIME_ZONE='+00:00' */;
/*!40014 SET @OLD_UNIQUE_CHECKS=@@UNIQUE_CHECKS, UNIQUE_CHECKS=0 */;
/*!40014 SET @OLD_FOREIGN_KEY_CHECKS=@@FOREIGN_KEY_CHECKS, FOREIGN_KEY_CHECKS=0 */;
/*!40101 SET @OLD_SQL_MODE=@@SQL_MODE, SQL_MODE='NO_AUTO_VALUE_ON_ZERO' */;
/*!40111 SET @OLD_SQL_NOTES=@@SQL_NOTES, SQL_NOTES=0 */;

--
-- Table structure for table `Autores`
--

DROP TABLE IF EXISTS `Autores`;
/*!40101 SET @saved_cs_client     = @@character_set_client */;
/*!40101 SET character_set_client = utf8 */;
CREATE TABLE `Autores` (
  `autor_id` int(4) NOT NULL AUTO_INCREMENT,
  `primer_nombre` varchar(12) NOT NULL,
  `segundo_nombre` varchar(12) DEFAULT NULL,
  `apellido` varchar(40) NOT NULL,
  `nombre_completo` varchar(56) GENERATED ALWAYS AS (concat(`primer_nombre`,' ',`apellido`)) VIRTUAL NOT NULL,
  PRIMARY KEY (`autor_id`)
) ENGINE=InnoDB AUTO_INCREMENT=246 DEFAULT CHARSET=utf8;
/*!40101 SET character_set_client = @saved_cs_client */;

--
-- Dumping data for table `Autores`
--

LOCK TABLES `Autores` WRITE;
/*!40000 ALTER TABLE `Autores` DISABLE KEYS */;
INSERT INTO `Autores` (`autor_id`, `primer_nombre`, `segundo_nombre`, `apellido`) VALUES (1,'Mark','','Twain'),(2,'Mauricio','','Maeterlinck'),(3,'Ramón','','del Valle Inclán'),(4,'Rabindranath','','Tagore'),(5,'Joseph','Braham','White'),(6,'Jones','Gardner','Helmann'),(7,'Lorna','Williamson','Talbot'),(8,'Louise','','Sanders'),(9,'Engelbert','','Humperdink'),(10,'Carmen','','Natalia'),(11,'Don','','Totheroh'),(12,'Alejandro','','Casona'),(13,'Winthrop','','Ames'),(14,'Rachel','','Field'),(15,'Eugenio','','O\'Neill'),(16,'Leandro','Fernández','de Moratín'),(17,'Stuart','','Walker'),(18,'Anónimo','francés','del S. XV'),(19,'Charlotte','','Chorpenning'),(20,'Federico','García','Lorca'),(21,'Josephine','Preston','Peabody'),(22,'Cuento','','de André Hellén'),(23,'Luis','Rafael','Sánchez'),(24,'Inés','M.A.','Zarri'),(25,'Atilio','A.','Veronelli'),(26,'Enrique','','Pongetti'),(27,'Joracy','','Camargo'),(28,'Victoria','','Espinosa'),(29,'Gerhart','','Hauptman'),(30,'George','C.','Hazelton'),(31,'J.','Harry','Benrimo'),(32,'Margaret','H.','Yates'),(33,'Serge','','Prokofiev'),(34,'Enrique','','Guastavino'),(35,'Bernard','','Dryer'),(36,'Ramón','','Sender'),(37,'Jacinto','','Grau'),(38,'César','M.','Corrada'),(39,'Francisco','','Arriví'),(40,'Eduardo','','Marquina'),(41,'Agustín','','Moreto'),(42,'Enrique','','Laguerre'),(43,'Coquel','','N/A'),(44,'Anton','','Chejov'),(45,'George','','Kaiser'),(46,'Pedro','Calderón','de la Barca'),(47,'Luiggi','','Pirandello'),(48,'Miguel','','de Cervantes Saavedra'),(49,'Molière','','N/A'),(50,'Maeterlinck','','Maurice'),(51,'Henrik','','Ibsen'),(52,'José','','Zorrilla'),(53,'Jean','','Anouilh'),(54,'Eurípides','','N/A'),(55,'William','','Shakespeare'),(56,'H.','','Lenormand'),(57,'Carlo','','Goldoni'),(58,'Elizabeth','','Gooyear'),(59,'Philipp','','Huston'),(60,'W.','','Saroyan'),(61,'J.M.','','Synge'),(62,'A.','','Salacrou'),(63,'Bernard','','Shaw'),(64,'Lope','','de Vega'),(65,'Tennessee','','Williams'),(66,'Elmer','','Rice'),(67,'Gabriele','','D\'Annunzio'),(68,'Max','','Aub'),(69,'Emilio','S.','Belaval'),(70,'Albert','','Camus'),(71,'Fernando','','de Rojas'),(72,'Lope','','de Rueda'),(73,'Jean','','Giraudoux'),(74,'Jean','','Cocteau'),(75,'Thorton','','Wilder'),(76,'Carlos','','Goroztiza'),(77,'Piri','','Fernández'),(78,'Salvador','','Brau'),(79,'Sófocles','','N/A'),(80,'Anónimo','inglés','del Siglo XV'),(81,'Jean','Paul','Sartre'),(82,'Miguel','','de Unamuno'),(83,'Manuel','','Ruela'),(84,'Anónimo','francés','del Siglo XV'),(85,'Juan','Ramón','Jiménez'),(86,'M.','','de Ghelderode'),(87,'Samuel','','Beckett'),(88,'August','','Strindberg'),(89,'Angel','','Amaro'),(90,'Nicolai','','Andriev'),(91,'Bertolt','','Brecht'),(92,'Anatole','','de France'),(93,'Paul','','Arene'),(94,'Antonio','Buero','Vallejo'),(95,'René','','Marqués'),(96,'Vito','','Martini'),(97,'Georges','','Bernanos'),(98,'Máximo','','Gorki'),(99,'Alfred','','Jarry'),(100,'Carlos','','Solórzano'),(101,'Maricusa','','Ornés'),(102,'Gilda','','Navarra'),(103,'Isaac','','Chocrón'),(104,'Plauto','','N/A'),(105,'Carlos','','Maggi'),(106,'Kurt','','Weill'),(107,'Ariano','','Suasuna'),(108,'H.','Christian','Anderson'),(109,'Emilio','','Carballido'),(110,'Gerard','Paul','Marín'),(111,'Tirso','','de Molina'),(112,'Rafael','','Alberti'),(113,'Enrique','','Buenaventura'),(114,'Eduardo','','Pavlovsky'),(115,'Abniel','','Marat'),(116,'Roberto','Ramos','Perea'),(117,'Luis','','de Benavente'),(118,'Arthur','','Miller'),(119,'Charles','','Dickens'),(120,'Anónimo','','N/A'),(121,'Joey','','Rivas'),(122,'Tere','','Marichal'),(123,'Allan','','Culler'),(124,'W.','','Rusell'),(125,'Nelson','','Rivera'),(126,'Comedia','','del Arte'),(127,'L.','','de Burgo'),(128,'E.','','Rice'),(129,'Eugene','','Ionesco'),(130,'W.','','Soroyan'),(131,'Neil','','Simon'),(132,'José','Luis','Ramos Escobar'),(133,'Fernando','','Peñuela'),(134,'Eugeny','','Schwart'),(135,'Isadora','','Aguirre'),(136,'Wole','','Soyinka'),(137,'José','L.','González'),(138,'Edmond','','Rostand'),(139,'Juan','','Macande'),(140,'Juan','Carlos','Gené'),(141,'Eduardo','','Pavloski'),(142,'Richard','','Irizarry'),(143,'Marco','Antonio','de la Parra'),(144,'Creación','','Colectiva'),(145,'Carlos','','Blum'),(146,'Moncho','','Conde'),(147,'Pedro','','Santaliz'),(148,'Zora','','Moreno'),(149,'Paloma','','Pedrero'),(150,'Mario','','Benedetti'),(151,'Jairo','Aníbal','Nino'),(152,'Mario','','Colón'),(153,'Adriana','','Pantoja'),(154,'A.','García','del Toro'),(155,'Pedro','','Salinas'),(156,'Sergio','','Arrau'),(157,'Alejandro','Tapia','y Rivera'),(158,'COLECTIVO','','N/A'),(159,'Carlos','','Collodi'),(160,'Franklin','','Caicedo'),(161,'Francisco','Framil','Durán'),(162,'Darío','','Fo'),(163,'Colectivo','','de Carlos Gorostijo'),(164,'Rubén','Yáñez','Alonso'),(165,'Carlos','','Frasco'),(166,'Oscar','','Vicele'),(167,'Ulen','','Spigel'),(168,'Sandra','','Tejos'),(169,'Alejandro','','Tosatti'),(170,'Carlos','','Coralez'),(171,'Colectivo','','N/A'),(172,'Senel','','Paz'),(173,'Costa','','Palamides'),(174,'William','','Luce'),(175,'Brunilda','','García'),(176,'Victor','','Hugo'),(177,'Myrna','','Casas'),(178,'Miguel','','Diffoot'),(179,'Aravind','','Adyantaya'),(180,'Frank','','Kafkha'),(181,'adptación','','de Gilda Navarra'),(182,'Guillermo','','Schnidthuber'),(183,'Rodolfo','','Santana'),(184,'Enrique','Pineda','Bernet'),(185,'Freddy','','Acevedo'),(186,'Rafael','','Rojas'),(187,'Joselo','','Arroyo'),(188,'Jelka','','Duchesne'),(189,'Modesto','','Lacén'),(190,'Jane','','Martin'),(191,'Lee','','Blessing'),(192,'William','Shakespeare','versión de Pablo Neruda'),(193,'Idalia','Pérez','Garay'),(194,'Miguel','','Vando'),(195,'Manuel','Zeno','Gandía'),(196,'Esquilo','','N/A'),(197,'Katherine','','Snodgrass'),(198,'Murilo','Dias','César'),(199,'José','','Rivera'),(200,'Arístides','','Vargas'),(201,'Alberto','','Miralles'),(202,'José','Sanchis','Sinisterra'),(203,'Martin','','McDonogh'),(204,'Migdalia','','Cruz'),(205,'María','Irene','Fornés'),(206,'Flaminio','','Scala'),(207,'Ariel','','Dorfman'),(208,'Eugène','','Ionesco'),(209,'Gonzalo','Arocho','del Toro'),(210,'Williiam','','Shakespeare'),(211,'Jean','','Genet'),(212,'estudiantes','','de Commedia dell\'arte'),(213,'Sophie','','Treadwell'),(214,'Roy','','Williams'),(215,'Diana','','Son'),(216,'Heriberto','','Feliciano'),(217,'Sergi','','Belbel'),(218,'Edwin','','Sánchez'),(219,'Textos','','de Samuel Beckett'),(220,'Sylvia','','Bofill'),(221,'Rosabel','','Otón'),(222,'Dorcas','','Ruttenberg'),(223,'Ramón','Méndez','Quiñones'),(224,'Kalman','','Barsi'),(225,'J.','Sánchez','del Río'),(226,'Rafael','','Escalona'),(227,'Ignacio','García','May'),(228,'Jean','Claude','Carrière'),(229,'Oscar','','Viale'),(230,'Manuel','Alonso','Pizarro'),(231,'Ana','Lydia','Vega'),(232,'Magaly','García','Ramis'),(233,'Mayra','','Santos'),(234,'Kalman','','Barsy'),(235,'Antonio','','Martorell'),(236,'Eduardo','','Rovner'),(237,'Mauricio','','Kartun'),(238,'Cristina','','Escofet'),(239,'Balad','','Sircer'),(240,'Luisa','Josefina','Hernández'),(241,'Osvaldo','','Dragún'),(242,'Maximo','','Gorki'),(243,'Moisés','','Kaufman'),(244,'Arcipreste','','de Hita'),(245,'Maquiavelo','','N/A');
/*!40000 ALTER TABLE `Autores` ENABLE KEYS */;
UNLOCK TABLES;

--
-- Table structure for table `Autores_de_Obras`
--

DROP TABLE IF EXISTS `Autores_de_Obras`;
/*!40101 SET @saved_cs_client     = @@character_set_client */;
/*!40101 SET character_set_client = utf8 */;
CREATE TABLE `Autores_de_Obras` (
  `autor_id` int(4) NOT NULL,
  `obra_id` int(4) NOT NULL,
  PRIMARY KEY (`autor_id`,`obra_id`),
  KEY `Autores_de_Obras_fk1` (`obra_id`),
  CONSTRAINT `Autores_de_Obras_fk0` FOREIGN KEY (`autor_id`) REFERENCES `Autores` (`autor_id`),
  CONSTRAINT `Autores_de_Obras_fk1` FOREIGN KEY (`obra_id`) REFERENCES `Obras` (`obra_id`)
) ENGINE=InnoDB DEFAULT CHARSET=utf8;
/*!40101 SET character_set_client = @saved_cs_client */;

--
-- Dumping data for table `Autores_de_Obras`
--

LOCK TABLES `Autores_de_Obras` WRITE;
/*!40000 ALTER TABLE `Autores_de_Obras` DISABLE KEYS */;
INSERT INTO `Autores_de_Obras` VALUES (1,1),(2,2),(3,3),(4,4),(5,5),(6,6),(7,6),(8,7),(8,8),(9,9),(10,10),(11,11),(11,12),(12,13),(13,14),(14,15),(15,16),(16,17),(12,18),(16,19),(17,20),(18,21),(19,22),(20,23),(20,24),(21,25),(22,26),(16,27),(23,28),(24,28),(25,28),(26,28),(27,28),(28,29),(29,30),(30,31),(31,31),(20,32),(32,33),(33,33),(34,34),(35,35),(36,36),(20,37),(37,38),(38,39),(39,40),(40,41),(41,42),(12,43),(42,44),(43,45),(44,46),(44,47),(45,48),(46,49),(47,50),(12,51),(48,52),(44,53),(49,54),(50,55),(48,56),(51,57),(52,58),(53,59),(54,60),(55,61),(56,62),(49,63),(54,64),(46,65),(44,66),(20,67),(57,68),(58,69),(59,69),(60,70),(61,71),(62,72),(12,73),(46,74),(63,75),(55,76),(63,77),(20,78),(64,79),(47,80),(50,81),(65,82),(66,83),(55,84),(53,85),(39,86),(67,87),(63,88),(68,89),(69,90),(29,91),(70,92),(71,93),(23,94),(48,95),(72,96),(48,97),(73,98),(74,99),(75,100),(76,101),(77,102),(44,103),(78,104),(79,105),(80,106),(80,107),(81,108),(70,109),(82,110),(71,111),(20,112),(64,113),(47,114),(83,115),(68,116),(68,117),(84,118),(85,119),(50,120),(86,121),(87,122),(12,123),(88,124),(89,125),(55,126),(90,127),(3,128),(91,129),(92,130),(93,131),(49,132),(85,133),(73,134),(94,135),(47,136),(23,137),(78,137),(95,137),(96,138),(44,139),(97,140),(98,141),(42,142),(54,143),(99,144),(100,145),(101,146),(102,146),(65,147),(103,148),(104,149),(20,150),(105,151),(64,152),(101,153),(49,154),(91,155),(106,155),(107,156),(20,157),(44,158),(69,159),(108,160),(109,161),(3,162),(20,163),(91,164),(103,165),(110,166),(111,167),(112,168),(54,169),(46,170),(113,171),(113,172),(114,173),(115,174),(116,175),(64,176),(117,177),(48,178),(118,179),(119,180),(120,181),(95,182),(48,183),(48,184),(48,185),(48,186),(48,187),(119,188),(121,189),(115,190),(122,191),(111,192),(123,193),(12,194),(65,194),(124,194),(125,194),(126,194),(127,194),(128,194),(129,194),(130,194),(131,194),(91,195),(111,196),(104,197),(55,198),(28,199),(132,200),(133,201),(134,202),(126,203),(135,204),(136,205),(137,206),(138,207),(139,208),(140,209),(141,210),(142,211),(143,212),(144,213),(144,214),(145,215),(146,216),(147,217),(148,218),(115,219),(44,220),(132,221),(149,222),(149,223),(150,224),(151,225),(152,226),(153,227),(153,228),(154,229),(155,230),(94,231),(156,232),(157,233),(158,234),(159,237),(160,238),(161,239),(162,240),(163,241),(164,241),(165,241),(166,242),(167,243),(168,244),(169,244),(170,245),(171,246),(172,247),(148,248),(132,249),(173,250),(174,251),(147,252),(175,253),(176,254),(64,255),(177,256),(178,257),(156,258),(179,259),(20,260),(180,261),(181,262),(182,263),(183,264),(153,265),(143,266),(184,267),(20,268),(20,269),(44,270),(111,271),(20,272),(98,273),(185,274),(186,275),(187,276),(188,277),(189,278),(64,279),(91,280),(79,281),(132,282),(55,285),(54,286),(190,287),(191,288),(47,289),(132,290),(192,292),(193,293),(194,293),(78,294),(55,295),(110,296),(54,297),(3,298),(64,299),(119,300),(195,301),(85,302),(196,303),(197,304),(198,305),(199,306),(12,307),(200,308),(20,309),(201,310),(202,311),(132,312),(51,313),(203,314),(204,315),(205,315),(206,316),(207,317),(208,318),(209,319),(210,320),(211,321),(212,322),(213,323),(55,324),(214,325),(70,326),(215,327),(54,328),(216,329),(217,330),(104,331),(194,332),(218,333),(132,334),(219,335),(200,336),(220,337),(221,338),(12,339),(44,340),(20,341),(72,342),(72,343),(48,344),(20,345),(12,346),(72,346),(12,347),(72,347),(48,348),(84,349),(49,350),(49,351),(84,352),(12,353),(222,354),(20,355),(57,356),(20,357),(111,358),(223,359),(20,360),(20,361),(70,362),(81,363),(82,364),(71,365),(12,366),(48,367),(48,368),(37,369),(92,370),(57,371),(20,372),(84,373),(64,374),(55,375),(48,376),(48,377),(12,378),(64,379),(71,380),(111,381),(46,382),(64,383),(224,384),(48,385),(48,386),(48,387),(111,388),(64,389),(20,390),(111,391),(225,392),(226,393),(79,394),(48,395),(48,396),(48,397),(227,398),(64,399),(228,400),(84,401),(208,402),(211,403),(46,404),(57,405),(132,406),(229,407),(230,408),(230,409),(20,410),(118,411),(132,412),(88,413),(64,414),(133,415),(231,416),(232,417),(233,418),(234,419),(235,420),(55,421),(236,422),(237,423),(64,424),(200,425),(238,426),(57,427),(239,428),(132,429),(104,430),(79,431),(46,432),(109,433),(240,433),(71,434),(64,435),(241,436),(46,437),(242,438),(243,439),(111,440),(230,441),(110,442),(132,443),(109,444),(240,444),(55,445),(111,446),(20,447),(12,448),(120,449),(20,450),(171,451),(64,452),(64,453),(57,454),(120,455),(206,456),(3,457),(85,458),(55,459),(55,460),(72,461),(48,462),(48,463),(64,464),(85,465),(118,466),(109,467),(240,467),(211,468),(244,469),(245,470),(230,471),(55,472),(20,473),(20,474),(20,475),(230,476);
/*!40000 ALTER TABLE `Autores_de_Obras` ENABLE KEYS */;
UNLOCK TABLES;

--
-- Table structure for table `Directores`
--

DROP TABLE IF EXISTS `Directores`;
/*!40101 SET @saved_cs_client     = @@character_set_client */;
/*!40101 SET character_set_client = utf8 */;
CREATE TABLE `Directores` (
  `director_id` int(4) NOT NULL AUTO_INCREMENT,
  `primer_nombre` varchar(12) NOT NULL,
  `segundo_nombre` varchar(12) DEFAULT NULL,
  `apellido` varchar(40) NOT NULL,
  `nombre_completo` varchar(56) GENERATED ALWAYS AS (concat(`primer_nombre`,' ',`apellido`)) VIRTUAL NOT NULL,
  PRIMARY KEY (`director_id`)
) ENGINE=InnoDB AUTO_INCREMENT=91 DEFAULT CHARSET=utf8;
/*!40101 SET character_set_client = @saved_cs_client */;

--
-- Dumping data for table `Directores`
--

LOCK TABLES `Directores` WRITE;
/*!40000 ALTER TABLE `Directores` DISABLE KEYS */;
INSERT INTO `Directores` (`director_id`, `primer_nombre`, `segundo_nombre`, `apellido`) VALUES (1,'María','Judith','Franco'),(2,'José','Ángel','Díaz'),(3,'Nilda','','González'),(4,'Victoria','','Espinosa'),(5,'Angel','F.','Rivera'),(6,'Leopoldo','Santiago','Lavandero'),(7,'Ludwig','','Schajowicz'),(8,'Ángel','F.','Rivera'),(9,'Juano','','Hernández'),(10,'Basil','','Langton'),(11,'Betty','Ann','Metz'),(12,'Jack','','Landau'),(13,'Gloria','','Arjona'),(14,'Maricusa','','Ornés'),(15,'Rafael','Gil','Castro'),(16,'Myrna','','Casas'),(17,'Gilda','','Navarra'),(18,'Dean','','Zayas'),(19,'José','Félix','Gómez'),(20,'Rosa','Luisa','Márquez'),(21,'Idalia','Pérez','Garay'),(22,'Abniel','','Marat'),(23,'Joey','','Rivas'),(24,'María','Eugenia','Mercado'),(25,'J.','','Figueroa'),(26,'Allan','','Rivera'),(27,'N.','','López'),(28,'Julia','','Thompson'),(29,'José','Luis','Ramos Escobar'),(30,'Pablo','','Cabrera'),(31,'Mario','','Colón'),(32,'Ramón','','Pareja'),(33,'Juan','','Sánchez'),(34,'Claudio','','di Girolamo'),(35,'Eduardo','','Pavlovski'),(36,'Vicente','','Castro'),(37,'Elena','','Duvauchelle'),(38,'Miguel','','Rubio'),(39,'Carlos','','Téllez'),(40,'Moncho','','Conde'),(41,'Pedro','','Santaliz'),(42,'Zora','','Moreno'),(43,'Rafael','','Rojas'),(44,'Wolf','','Aniol'),(45,'Adriana','','Pantoja'),(46,'César','','Bernard'),(47,'César','','Olivo'),(48,'Ricard','','Salvat'),(49,'COLECTIVO','','N/A'),(50,'Frank','','Marrero'),(51,'Oscar','','Giner'),(52,'Colectivo','','N/A'),(53,'José','A.','Ortega'),(54,'Rubén','','Yáñez'),(55,'Juan','Carlos','Sánchez'),(56,'Alejandro','','Tosatti'),(57,'Edgar','','Quiles'),(58,'Josean','','Ortiz'),(59,'Costa','','Palamides'),(60,'Jerry','','Scott'),(61,'César','','Oliva'),(62,'Juan','Luis','Acevedo'),(63,'Adriana','','Pantojas'),(64,'Pedro','','Rodríguez'),(65,'Teófilo','','Torres'),(66,'Carmelo','Santana','Mojica'),(67,'Freddy','','Acevedo'),(68,'Jorge','Luis','Torres'),(69,'Norman','','Santiago'),(70,'Creación','','Colectiva'),(71,'Jorge','','Rodulfo'),(72,'Miguel','','Vando'),(73,'Rosalba','','Rolón'),(74,'Lorge','','Merced'),(75,'Christopher','','Olsen'),(76,'Rosalina','','Perales'),(77,'Arístides','','Vargas'),(78,'Verónica','','Ortiz'),(79,'Rosabel','','Otón'),(80,'Carlos','Augusto','Montijo'),(81,'Jacqueline','','Duprey'),(82,'Sylvia','','Boffill'),(83,'Heriberto','','Feliciano'),(84,'Edgar','','García'),(85,'Carola','','García'),(86,'Sylvia','','Bofill'),(87,'José','Angel','Díaz'),(88,'Cipriano','Rivas','Cherif'),(89,'José','M.','Lacomba'),(90,'Carlos','','de Jesús');
/*!40000 ALTER TABLE `Directores` ENABLE KEYS */;
UNLOCK TABLES;

--
-- Table structure for table `Directores_de_Obras`
--

DROP TABLE IF EXISTS `Directores_de_Obras`;
/*!40101 SET @saved_cs_client     = @@character_set_client */;
/*!40101 SET character_set_client = utf8 */;
CREATE TABLE `Directores_de_Obras` (
  `director_id` int(4) NOT NULL,
  `obra_id` int(4) NOT NULL,
  PRIMARY KEY (`director_id`,`obra_id`),
  KEY `Directores_de_Obras_fk1` (`obra_id`),
  CONSTRAINT `Directores_de_Obras_fk0` FOREIGN KEY (`director_id`) REFERENCES `Directores` (`director_id`),
  CONSTRAINT `Directores_de_Obras_fk1` FOREIGN KEY (`obra_id`) REFERENCES `Obras` (`obra_id`)
) ENGINE=InnoDB DEFAULT CHARSET=utf8;
/*!40101 SET character_set_client = @saved_cs_client */;

--
-- Dumping data for table `Directores_de_Obras`
--

LOCK TABLES `Directores_de_Obras` WRITE;
/*!40000 ALTER TABLE `Directores_de_Obras` DISABLE KEYS */;
INSERT INTO `Directores_de_Obras` VALUES (1,1),(2,2),(2,3),(2,4),(2,5),(3,5),(3,6),(4,7),(4,8),(4,9),(4,10),(4,11),(4,12),(4,13),(4,14),(4,15),(5,16),(4,17),(4,18),(4,19),(4,20),(4,21),(4,22),(4,23),(4,24),(4,25),(4,26),(4,27),(4,28),(4,29),(4,30),(4,31),(4,32),(4,33),(6,34),(6,35),(6,36),(6,37),(6,38),(6,39),(6,40),(6,41),(6,42),(6,43),(6,44),(6,45),(6,46),(6,47),(6,48),(6,49),(6,50),(6,51),(6,52),(6,53),(6,54),(6,55),(6,56),(6,57),(6,58),(7,59),(7,60),(7,61),(7,62),(7,63),(7,64),(7,65),(8,66),(8,67),(7,68),(9,69),(8,70),(3,71),(3,72),(3,73),(7,74),(10,75),(11,76),(12,77),(4,78),(3,79),(3,80),(3,81),(3,82),(3,83),(4,84),(3,85),(3,86),(3,87),(3,88),(4,89),(3,90),(3,91),(3,92),(3,93),(3,94),(13,95),(13,96),(13,97),(3,98),(3,99),(3,100),(3,101),(3,102),(3,103),(3,104),(14,105),(3,106),(3,107),(3,108),(3,109),(3,110),(3,111),(14,112),(3,113),(15,114),(15,115),(4,116),(4,117),(4,118),(14,119),(3,120),(3,121),(16,122),(3,123),(16,124),(3,125),(16,126),(3,127),(3,128),(3,129),(17,130),(17,131),(16,132),(14,133),(16,134),(3,135),(3,136),(14,137),(18,137),(3,138),(16,139),(18,140),(3,141),(3,142),(3,143),(16,144),(3,145),(14,146),(17,146),(18,147),(16,148),(14,149),(17,149),(18,150),(16,151),(18,152),(14,153),(17,153),(17,154),(18,155),(19,156),(18,157),(16,158),(18,159),(17,160),(16,161),(18,162),(4,163),(17,164),(16,165),(20,166),(18,167),(18,168),(18,169),(18,170),(19,171),(19,172),(21,173),(22,174),(4,175),(18,176),(18,177),(18,178),(18,179),(18,180),(18,181),(4,182),(18,183),(18,184),(18,185),(18,186),(18,187),(18,188),(23,189),(22,190),(22,191),(18,192),(24,193),(4,194),(17,194),(18,194),(20,194),(24,194),(25,194),(26,194),(27,194),(28,194),(18,195),(18,196),(17,197),(18,198),(4,199),(18,200),(29,201),(30,202),(17,203),(31,204),(20,205),(4,206),(32,207),(33,208),(34,209),(35,210),(36,211),(37,212),(38,214),(39,215),(40,216),(41,217),(42,218),(43,219),(44,220),(29,221),(31,222),(31,223),(31,224),(31,225),(31,226),(45,227),(45,228),(18,229),(46,230),(47,230),(48,231),(45,232),(18,233),(49,234),(50,235),(51,236),(52,237),(29,239),(53,240),(54,241),(29,242),(55,243),(56,244),(57,245),(52,246),(58,247),(42,248),(31,249),(59,250),(60,251),(18,254),(61,255),(20,256),(62,257),(63,258),(64,259),(18,260),(65,261),(17,262),(64,263),(31,264),(45,265),(29,268),(4,269),(18,270),(66,271),(18,272),(18,273),(67,274),(68,275),(31,276),(69,277),(64,278),(18,279),(20,280),(70,280),(18,281),(31,282),(31,283),(24,284),(18,285),(18,286),(71,287),(72,288),(18,289),(73,290),(74,290),(20,292),(21,293),(72,293),(18,294),(18,295),(20,296),(18,297),(18,298),(61,299),(18,300),(18,301),(24,302),(28,302),(18,303),(24,303),(28,303),(71,304),(72,305),(75,306),(76,306),(18,307),(77,308),(18,309),(61,310),(19,311),(72,311),(19,312),(18,313),(71,314),(75,315),(78,315),(79,316),(18,317),(28,317),(80,318),(18,319),(18,320),(81,321),(79,322),(75,323),(82,323),(66,324),(18,325),(18,326),(71,327),(18,328),(28,328),(83,329),(83,330),(18,331),(72,332),(75,333),(76,333),(84,334),(83,335),(85,336),(86,337),(79,338),(6,339),(6,340),(87,341),(87,342),(87,343),(87,344),(88,345),(88,346),(88,347),(88,348),(5,349),(4,350),(3,351),(4,352),(3,353),(4,354),(4,355),(3,356),(3,357),(4,358),(3,359),(4,360),(3,361),(3,362),(3,363),(3,364),(3,365),(89,366),(89,367),(89,368),(90,369),(17,370),(18,371),(18,372),(18,373),(18,374),(18,375),(3,376),(3,377),(3,378),(18,379),(18,380),(18,381),(18,382),(18,383),(20,384),(18,385),(18,386),(18,387),(18,388),(18,389),(18,390),(18,391),(18,392),(18,393),(18,394),(18,395),(18,396),(18,397),(18,398),(18,399),(20,400),(18,401),(29,402),(29,403),(18,404),(18,405),(29,406),(29,407),(18,408),(18,409),(18,410),(18,411),(31,412),(29,413),(18,414),(29,415),(20,416),(20,417),(20,418),(20,419),(20,420),(18,421),(29,422),(29,423),(18,424),(20,425),(29,426),(18,427),(20,428),(31,429),(18,430),(18,431),(18,432),(18,433),(18,434),(18,435),(20,436),(18,437),(18,438),(18,439),(18,440),(18,441),(20,442),(18,443),(18,444),(18,445),(18,446),(4,447),(18,448),(18,449),(18,450),(20,451),(19,452),(61,452),(18,453),(18,454),(18,455),(79,456),(18,457),(24,458),(28,458),(18,459),(18,460),(18,461),(18,462),(18,463),(18,464),(24,465),(28,465),(81,466),(18,467),(81,468),(18,469),(18,470),(18,471),(18,472),(18,473),(72,474),(71,475),(18,476);
/*!40000 ALTER TABLE `Directores_de_Obras` ENABLE KEYS */;
UNLOCK TABLES;

--
-- Table structure for table `Diseñadores_de_Escenografia`
--

DROP TABLE IF EXISTS `Diseñadores_de_Escenografia`;
/*!40101 SET @saved_cs_client     = @@character_set_client */;
/*!40101 SET character_set_client = utf8 */;
CREATE TABLE `Diseñadores_de_Escenografia` (
  `d_id` int(4) NOT NULL AUTO_INCREMENT,
  `primer_nombre` varchar(12) NOT NULL,
  `segundo_nombre` varchar(12) DEFAULT NULL,
  `apellido` varchar(40) NOT NULL,
  `nombre_completo` varchar(56) GENERATED ALWAYS AS (concat(`primer_nombre`,' ',`apellido`)) VIRTUAL NOT NULL,
  PRIMARY KEY (`d_id`)
) ENGINE=InnoDB AUTO_INCREMENT=81 DEFAULT CHARSET=utf8;
/*!40101 SET character_set_client = @saved_cs_client */;

--
-- Dumping data for table `Diseñadores_de_Escenografia`
--

LOCK TABLES `Diseñadores_de_Escenografia` WRITE;
/*!40000 ALTER TABLE `Diseñadores_de_Escenografia` DISABLE KEYS */;
INSERT INTO `Diseñadores_de_Escenografia` (`d_id`, `primer_nombre`, `segundo_nombre`, `apellido`) VALUES (1,'José','Luis','Marrero'),(2,'José','Ángel','Díaz'),(3,'María','Mercedes','Serbia de Caro'),(4,'María','Serbia','de Caro'),(5,'Jaime','','Arbona'),(6,'Francisco','','Pizarro'),(7,'Carlos','','Marichal'),(8,'Rafael','Cruz','Eméric'),(9,'Luis','A.','Maisonet'),(10,'Myrna','','Casas'),(11,'Victoria','','Espinosa'),(12,'Eusebio','','Morales'),(13,'Edgardo','','Franceschini'),(14,'Leopoldo','Santiago','Lavandero'),(15,'Melvin','','Buckner'),(16,'Esteban','','Vicente'),(17,'Luisa','C.','Schajowicz'),(18,'Rafael','Cruz','Emeric'),(19,'Ariel','','Baliff'),(20,'Gloria','','Arjona'),(21,'Edwin','Silva','Marini'),(22,'Luis','','Acevedo'),(23,'Eurípides','','Ríos'),(24,'Dean','','Zayas'),(25,'Ramón','','Salve'),(26,'Otto','Fajardo','Bey'),(27,'Myriam','','Torres'),(28,'Yossy','','Márquez'),(29,'Alfonso','Ramos','Ramos'),(30,'Fernando','','Rivero'),(31,'José','Checo','Cuevas'),(32,'Carmiña','','Bouet'),(33,'Nina','','Lejet'),(34,'José','Félix','Gómez'),(35,'Idalia','Pérez','Garay'),(36,'José','M.','Lacomba'),(37,'Astrid','','López'),(38,'Colectivo','','N/A'),(39,'Abniel','','Marat'),(40,'Héctor','','Téllez'),(41,'Ramón','','Pareja'),(42,'Paco','','de Belén'),(43,'Mario','','Colón'),(44,'Julio','','Ramos'),(45,'Jorge','','Vázquez'),(46,'Mariano','','Montoya'),(47,'Miguel','','Vando'),(48,'Teófilo','','Torres'),(49,'Román','','Salas'),(50,'Ricardo','','Soto'),(51,'Gustavo','','Castrodad'),(52,'José','','Cotté'),(53,'Ariel','','Cuevas'),(54,'Víctor','M.','Castillo'),(55,'Aula','','de Teatro de la Universidad de Murcia'),(56,'Concepción','','González'),(57,'Gabriel','','Soto'),(58,'Nelson','','de León'),(59,'Jorge','','Rodulfo'),(60,'Carlos','Augusto','Montijo'),(61,'Andrés','López','Alicea'),(62,'Karla','','Santiago'),(63,'René','','Duchesne'),(64,'Israel','','Franco-Müller'),(65,'Irene','Fajardo','Neddermann'),(66,'Luis','Daniel','Vázquez Rivera'),(67,'Nitza','Ayala','Fontánez'),(68,'Enid','','Soto'),(69,'Kiara','','de Santiago'),(70,'Heriberto','','Feliciano'),(71,'Nicolás','','Luzzi'),(72,'Kiara','M.','De Santiago Cruz'),(73,'Cipriano','Rivas','Cherif'),(74,'Myrna','','Maurás'),(75,'Alfonso','','Ramos'),(76,'Oscar','','Mestey'),(77,'Antonio','','Martorell'),(78,'Taller','','de Teatro Experimental El Roble Escénico'),(79,'Ricardo','','Álvarez'),(80,'Orlando','','Rodríguez');
/*!40000 ALTER TABLE `Diseñadores_de_Escenografia` ENABLE KEYS */;
UNLOCK TABLES;

--
-- Table structure for table `Diseñadores_de_Luces`
--

DROP TABLE IF EXISTS `Diseñadores_de_Luces`;
/*!40101 SET @saved_cs_client     = @@character_set_client */;
/*!40101 SET character_set_client = utf8 */;
CREATE TABLE `Diseñadores_de_Luces` (
  `d_id` int(4) NOT NULL AUTO_INCREMENT,
  `primer_nombre` varchar(12) NOT NULL,
  `segundo_nombre` varchar(12) DEFAULT NULL,
  `apellido` varchar(40) NOT NULL,
  `nombre_completo` varchar(56) GENERATED ALWAYS AS (concat(`primer_nombre`,' ',`apellido`)) VIRTUAL NOT NULL,
  PRIMARY KEY (`d_id`)
) ENGINE=InnoDB AUTO_INCREMENT=37 DEFAULT CHARSET=utf8;
/*!40101 SET character_set_client = @saved_cs_client */;

--
-- Dumping data for table `Diseñadores_de_Luces`
--

LOCK TABLES `Diseñadores_de_Luces` WRITE;
/*!40000 ALTER TABLE `Diseñadores_de_Luces` DISABLE KEYS */;
INSERT INTO `Diseñadores_de_Luces` (`d_id`, `primer_nombre`, `segundo_nombre`, `apellido`) VALUES (1,'Carlos','','Marichal'),(2,'Rafael','Cruz','Eméric'),(3,'Luis','A.','Maisonet'),(4,'Edwin','Silva','Marini'),(5,'Eusebio','','Morales'),(6,'Myrna','','Casas'),(7,'Tharon','','Musser'),(8,'Daniel','','Manzano'),(9,'Alfonso','','Ramos'),(10,'Toni','','Fernández'),(11,'Efraín','Piñeiro','Díaz'),(12,'José','Checo','Cuevas'),(13,'Colectivo','','N/A'),(14,'Ramón','','Pareja'),(15,'Alberto','','Segarra'),(16,'Tamara','','Walker'),(17,'Emilio','','Ayala'),(18,'Concepción','','González'),(19,'Jorge','','Ríos'),(20,'Milton','','Cordero'),(21,'Leonardo','','Aguilú'),(22,'Manuel','','Ramírez'),(23,'Cheryl','','Robles'),(24,'Víctor','','Colón'),(25,'Israel','','Franco-Müller'),(26,'Víctor','Geraldo','Colón'),(27,'Brian','','Vargas'),(28,'Javier','A.','Moreno'),(29,'Victor','G.','Colón Rodríguez'),(30,'Elvin','Omar','Morales'),(31,'Taller','','de Teatro Experimental El Roble Escénico'),(32,'Rafael','','González'),(33,'Teatro','Rodante','UPR'),(34,'Aula','','de Teatro Universidad de Murcia'),(35,'Brendalee','','Morales'),(36,'Nicolás','','Luzzi');
/*!40000 ALTER TABLE `Diseñadores_de_Luces` ENABLE KEYS */;
UNLOCK TABLES;

--
-- Table structure for table `Diseñadores_de_Vestuario`
--

DROP TABLE IF EXISTS `Diseñadores_de_Vestuario`;
/*!40101 SET @saved_cs_client     = @@character_set_client */;
/*!40101 SET character_set_client = utf8 */;
CREATE TABLE `Diseñadores_de_Vestuario` (
  `d_id` int(4) NOT NULL AUTO_INCREMENT,
  `primer_nombre` varchar(12) NOT NULL,
  `segundo_nombre` varchar(12) DEFAULT NULL,
  `apellido` varchar(40) NOT NULL,
  `nombre_completo` varchar(56) GENERATED ALWAYS AS (concat(`primer_nombre`,' ',`apellido`)) VIRTUAL NOT NULL,
  PRIMARY KEY (`d_id`)
) ENGINE=InnoDB AUTO_INCREMENT=46 DEFAULT CHARSET=utf8;
/*!40101 SET character_set_client = @saved_cs_client */;

--
-- Dumping data for table `Diseñadores_de_Vestuario`
--

LOCK TABLES `Diseñadores_de_Vestuario` WRITE;
/*!40000 ALTER TABLE `Diseñadores_de_Vestuario` DISABLE KEYS */;
INSERT INTO `Diseñadores_de_Vestuario` (`d_id`, `primer_nombre`, `segundo_nombre`, `apellido`) VALUES (1,'María','Mercedes','Serbiá de Caro'),(2,'Helen','E.','Sackett'),(3,'María','Mercedes','Serbia de Caro'),(4,'María','Serbia','de Caro'),(5,'Victoria','','Espinosa'),(6,'Carlos','','Marichal'),(7,'Myrna','','Casas'),(8,'Ruth','Minerva','López de Ruiz'),(9,'Leopoldo','Santiago','Lavandero'),(10,'Melvin','','Bucker'),(11,'Ariel','','Baliff'),(12,'Ruth','Minerva','López'),(13,'Ruth','M.','López'),(14,'Nilda','','Dávila'),(15,'Idalia','Pérez','Garay'),(16,'Fernando','','Rivero'),(17,'Gloria','','Sáez'),(18,'Abniel','','Morales'),(19,'Glenn','','Zayas'),(20,'Philip','','Pagán'),(21,'Colectivo','','N/A'),(22,'Carmelo','','Santana'),(23,'Héctor','','Téllez'),(24,'Ramón','','Pareja'),(25,'Adriana','','Pantoja'),(26,'Aula','','del Teatro Universitario de Murcia'),(27,'Miguel','','Vando'),(28,'Teófilo','','Torres'),(29,'Gloria','Sáez','y Victoria Espinosa'),(30,'Maram','Yely','Rivera'),(31,'Aula','','de Teatro de la Universitario de Murcia'),(32,'Gabriel','','Soto'),(33,'María','Magdalena','Ramírez'),(34,'Juan','Carlos','Ríos'),(35,'Noelia','','Montero'),(36,'Daisy','','Sánchez'),(37,'Carlos','Augusto','Montijo'),(38,'Frances','','Arroyo'),(39,'Elenco','','N/A'),(40,'Marjorie','','Ocasio'),(41,'Cipriano','Rivas','Cherif'),(42,'Nina','','Lejet'),(43,'Rosa','Luisa','Márquez'),(44,'Taller','','de Teatro Experimental El Roble Escénico'),(45,'Vilma','','Martínez');
/*!40000 ALTER TABLE `Diseñadores_de_Vestuario` ENABLE KEYS */;
UNLOCK TABLES;

--
-- Table structure for table `Diseño_de_Escenografia`
--

DROP TABLE IF EXISTS `Diseño_de_Escenografia`;
/*!40101 SET @saved_cs_client     = @@character_set_client */;
/*!40101 SET character_set_client = utf8 */;
CREATE TABLE `Diseño_de_Escenografia` (
  `d_id` int(4) NOT NULL,
  `obra_id` int(4) NOT NULL,
  PRIMARY KEY (`d_id`,`obra_id`),
  KEY `Diseño_de_Escenografia_fk1` (`obra_id`),
  CONSTRAINT `Diseño_de_Escenografia_fk0` FOREIGN KEY (`d_id`) REFERENCES `Diseñadores_de_Escenografia` (`d_id`),
  CONSTRAINT `Diseño_de_Escenografia_fk1` FOREIGN KEY (`obra_id`) REFERENCES `Obras` (`obra_id`)
) ENGINE=InnoDB DEFAULT CHARSET=utf8;
/*!40101 SET character_set_client = @saved_cs_client */;

--
-- Dumping data for table `Diseño_de_Escenografia`
--

LOCK TABLES `Diseño_de_Escenografia` WRITE;
/*!40000 ALTER TABLE `Diseño_de_Escenografia` DISABLE KEYS */;
INSERT INTO `Diseño_de_Escenografia` VALUES (1,2),(2,4),(3,5),(4,6),(5,7),(6,7),(5,8),(6,8),(7,9),(7,10),(7,11),(7,12),(7,13),(7,14),(8,15),(8,16),(9,17),(9,18),(8,19),(9,20),(9,21),(9,22),(10,23),(8,24),(8,25),(8,26),(10,27),(8,28),(8,29),(11,30),(12,31),(8,32),(13,33),(14,34),(14,35),(14,36),(14,37),(14,38),(14,39),(14,40),(14,41),(14,42),(14,43),(14,44),(14,45),(14,46),(14,47),(14,48),(14,49),(15,50),(14,51),(14,52),(14,53),(15,54),(16,55),(16,56),(14,57),(14,58),(17,59),(17,60),(7,61),(7,62),(7,63),(7,64),(7,65),(18,66),(18,67),(7,68),(18,69),(18,70),(18,71),(18,72),(18,73),(17,74),(19,75),(19,76),(19,77),(9,78),(7,79),(7,80),(7,81),(7,82),(18,83),(18,84),(18,85),(18,86),(18,87),(18,88),(18,89),(18,90),(18,91),(18,92),(18,93),(18,94),(12,95),(18,95),(20,96),(20,97),(21,98),(21,99),(18,100),(18,101),(18,102),(18,103),(18,104),(18,105),(18,106),(18,107),(18,108),(18,109),(18,110),(18,111),(12,112),(18,113),(22,114),(22,115),(21,116),(21,117),(21,118),(18,120),(18,121),(18,122),(18,123),(18,124),(18,125),(18,126),(18,127),(18,128),(18,129),(10,130),(23,131),(18,132),(18,134),(18,135),(24,136),(25,136),(18,138),(18,139),(26,140),(18,141),(18,142),(18,143),(18,144),(18,145),(27,146),(21,147),(10,148),(28,149),(29,150),(18,151),(18,152),(18,153),(18,154),(18,155),(30,156),(30,157),(30,158),(30,159),(30,160),(30,161),(31,162),(30,163),(30,164),(32,166),(33,167),(31,168),(32,169),(32,170),(34,171),(34,172),(35,173),(36,175),(32,176),(32,177),(32,178),(32,179),(31,180),(31,181),(31,182),(31,183),(31,184),(31,185),(31,186),(31,187),(31,188),(37,189),(38,190),(39,191),(31,192),(31,193),(31,195),(31,196),(31,197),(31,198),(31,199),(31,200),(31,201),(31,202),(31,203),(38,204),(31,205),(40,206),(41,207),(42,208),(31,220),(31,221),(43,222),(43,223),(38,224),(38,225),(38,226),(44,227),(45,227),(44,228),(45,228),(31,229),(31,230),(31,231),(31,233),(31,234),(31,254),(46,255),(38,256),(47,257),(38,258),(38,259),(31,260),(48,261),(49,268),(49,269),(31,270),(31,271),(31,272),(31,273),(47,279),(50,280),(51,280),(52,280),(31,281),(31,282),(31,285),(31,286),(53,287),(54,287),(31,289),(31,290),(31,292),(31,294),(31,295),(31,296),(31,297),(31,298),(55,299),(31,300),(56,301),(57,302),(47,303),(58,304),(58,305),(31,306),(47,307),(47,309),(47,310),(47,311),(47,312),(31,313),(59,314),(31,315),(31,316),(47,317),(60,318),(31,319),(47,320),(61,321),(31,322),(31,323),(62,323),(63,323),(64,324),(64,325),(65,325),(66,325),(67,325),(68,325),(53,326),(64,326),(69,327),(24,328),(53,328),(70,329),(70,330),(71,331),(62,332),(69,332),(62,333),(71,334),(72,335),(71,336),(71,337),(14,339),(14,340),(18,341),(18,342),(18,343),(18,344),(18,345),(18,346),(18,347),(73,348),(18,349),(9,350),(18,351),(18,352),(18,353),(18,354),(10,355),(18,356),(18,357),(18,358),(18,359),(10,360),(18,361),(18,366),(18,367),(18,368),(18,369),(18,370),(74,371),(75,372),(49,373),(18,374),(18,375),(18,376),(18,377),(18,378),(18,379),(18,380),(33,381),(32,382),(32,383),(76,384),(31,385),(31,386),(31,387),(31,388),(31,389),(31,390),(31,391),(31,392),(31,393),(31,394),(31,395),(31,396),(31,397),(31,398),(31,399),(77,400),(31,401),(31,402),(31,403),(31,404),(31,405),(31,406),(31,407),(31,408),(31,409),(31,410),(31,411),(78,412),(31,413),(31,414),(31,415),(31,416),(31,417),(31,418),(31,419),(31,420),(31,421),(31,422),(31,423),(31,424),(31,425),(31,426),(79,427),(31,428),(31,430),(31,431),(31,432),(31,433),(31,434),(31,435),(31,436),(31,437),(31,438),(31,439),(31,440),(31,441),(31,442),(31,443),(31,444),(31,445),(31,446),(18,447),(47,448),(64,449),(64,450),(31,451),(47,452),(47,453),(47,454),(31,455),(31,456),(64,457),(64,458),(64,459),(64,460),(64,461),(64,462),(64,463),(64,464),(64,465),(71,466),(64,467),(71,468),(80,468),(64,469),(64,470),(64,471),(64,472),(64,473),(64,474),(64,475),(64,476);
/*!40000 ALTER TABLE `Diseño_de_Escenografia` ENABLE KEYS */;
UNLOCK TABLES;

--
-- Table structure for table `Diseño_de_Luces`
--

DROP TABLE IF EXISTS `Diseño_de_Luces`;
/*!40101 SET @saved_cs_client     = @@character_set_client */;
/*!40101 SET character_set_client = utf8 */;
CREATE TABLE `Diseño_de_Luces` (
  `d_id` int(4) NOT NULL,
  `obra_id` int(4) NOT NULL,
  PRIMARY KEY (`d_id`,`obra_id`),
  KEY `Diseño_de_Luces_fk1` (`obra_id`),
  CONSTRAINT `Diseño_de_Luces_fk0` FOREIGN KEY (`d_id`) REFERENCES `Diseñadores_de_Luces` (`d_id`),
  CONSTRAINT `Diseño_de_Luces_fk1` FOREIGN KEY (`obra_id`) REFERENCES `Obras` (`obra_id`)
) ENGINE=InnoDB DEFAULT CHARSET=utf8;
/*!40101 SET character_set_client = @saved_cs_client */;

--
-- Dumping data for table `Diseño_de_Luces`
--

LOCK TABLES `Diseño_de_Luces` WRITE;
/*!40000 ALTER TABLE `Diseño_de_Luces` DISABLE KEYS */;
INSERT INTO `Diseño_de_Luces` VALUES (1,7),(1,8),(1,9),(1,10),(1,11),(1,12),(1,13),(1,14),(2,15),(2,16),(2,17),(2,18),(2,19),(2,20),(2,21),(3,22),(4,23),(4,24),(2,25),(2,26),(4,27),(2,28),(2,29),(5,30),(5,31),(6,32),(2,33),(7,75),(7,76),(7,77),(3,78),(8,114),(8,115),(4,128),(8,146),(4,148),(4,150),(9,158),(10,166),(11,174),(4,177),(12,183),(12,184),(12,185),(12,186),(12,187),(12,199),(13,204),(14,207),(12,234),(12,282),(12,285),(12,286),(15,287),(12,289),(12,290),(12,292),(16,293),(12,294),(12,295),(12,296),(12,297),(12,298),(17,299),(12,300),(18,301),(10,302),(10,303),(19,304),(19,305),(12,306),(10,307),(10,309),(10,310),(20,311),(21,312),(12,313),(22,314),(12,315),(12,316),(10,317),(22,318),(12,319),(22,320),(22,321),(23,322),(23,323),(24,324),(25,325),(26,326),(25,327),(25,328),(25,329),(26,330),(25,331),(27,332),(28,333),(25,334),(29,335),(25,336),(25,337),(30,338),(12,389),(12,390),(12,391),(12,392),(12,393),(12,394),(12,398),(12,399),(12,401),(12,402),(12,403),(12,404),(10,405),(10,406),(10,407),(10,408),(10,409),(10,410),(10,411),(31,412),(12,413),(12,414),(12,415),(12,416),(12,417),(12,418),(12,419),(12,420),(12,421),(12,422),(12,423),(12,424),(12,425),(10,426),(12,427),(12,428),(12,430),(10,431),(12,432),(12,433),(12,434),(12,435),(12,436),(12,437),(12,438),(12,439),(12,440),(12,441),(12,442),(12,443),(12,444),(12,445),(12,446),(12,447),(19,448),(32,448),(10,449),(10,450),(12,451),(33,452),(34,452),(10,453),(10,454),(12,455),(12,456),(25,457),(25,458),(25,459),(25,460),(25,461),(25,462),(25,463),(25,464),(25,465),(24,466),(35,466),(36,467),(35,468),(36,468),(25,469),(36,470),(36,471),(36,472),(36,473),(36,474),(36,475),(36,476);
/*!40000 ALTER TABLE `Diseño_de_Luces` ENABLE KEYS */;
UNLOCK TABLES;

--
-- Table structure for table `Diseño_de_Vestuario`
--

DROP TABLE IF EXISTS `Diseño_de_Vestuario`;
/*!40101 SET @saved_cs_client     = @@character_set_client */;
/*!40101 SET character_set_client = utf8 */;
CREATE TABLE `Diseño_de_Vestuario` (
  `d_id` int(4) NOT NULL,
  `obra_id` int(4) NOT NULL,
  PRIMARY KEY (`d_id`,`obra_id`),
  KEY `Diseño_de_Vestuario_fk1` (`obra_id`),
  CONSTRAINT `Diseño_de_Vestuario_fk0` FOREIGN KEY (`d_id`) REFERENCES `Diseñadores_de_Vestuario` (`d_id`),
  CONSTRAINT `Diseño_de_Vestuario_fk1` FOREIGN KEY (`obra_id`) REFERENCES `Obras` (`obra_id`)
) ENGINE=InnoDB DEFAULT CHARSET=utf8;
/*!40101 SET character_set_client = @saved_cs_client */;

--
-- Dumping data for table `Diseño_de_Vestuario`
--

LOCK TABLES `Diseño_de_Vestuario` WRITE;
/*!40000 ALTER TABLE `Diseño_de_Vestuario` DISABLE KEYS */;
INSERT INTO `Diseño_de_Vestuario` VALUES (1,2),(2,4),(3,5),(4,6),(5,7),(5,8),(6,9),(6,10),(2,11),(2,12),(6,13),(6,14),(2,15),(2,16),(6,17),(6,18),(6,19),(2,20),(2,21),(7,22),(7,23),(7,24),(2,25),(7,26),(7,27),(7,28),(7,29),(2,30),(8,31),(2,32),(2,33),(9,34),(9,35),(9,36),(9,37),(9,38),(9,39),(9,40),(9,41),(9,42),(9,43),(9,44),(9,45),(9,46),(9,47),(9,48),(9,49),(10,50),(9,51),(9,52),(9,53),(10,54),(2,55),(2,56),(2,57),(2,58),(2,59),(2,60),(2,61),(2,62),(2,63),(2,64),(2,65),(2,66),(2,67),(2,69),(5,70),(2,71),(2,72),(2,73),(2,74),(11,75),(11,76),(11,77),(5,78),(2,79),(2,80),(2,81),(2,82),(2,83),(2,84),(2,85),(2,86),(2,87),(2,88),(2,89),(2,90),(2,91),(2,92),(2,93),(7,94),(2,95),(12,95),(2,96),(12,96),(2,97),(12,97),(2,98),(2,99),(2,100),(2,101),(2,102),(2,103),(2,104),(2,105),(2,106),(2,107),(2,108),(2,109),(13,110),(2,111),(13,112),(2,113),(7,116),(7,117),(7,118),(2,120),(2,121),(2,122),(2,123),(2,124),(14,125),(2,126),(2,127),(2,128),(2,129),(7,130),(2,131),(2,132),(2,134),(2,135),(2,136),(2,138),(2,139),(2,140),(2,141),(2,142),(2,143),(2,144),(15,147),(7,148),(16,149),(17,149),(17,150),(17,152),(15,153),(17,156),(17,157),(17,158),(17,159),(17,160),(17,161),(17,162),(17,163),(17,164),(17,166),(17,167),(17,168),(17,169),(17,170),(17,171),(17,172),(17,173),(18,174),(19,174),(17,176),(17,177),(17,178),(17,179),(17,180),(17,181),(17,182),(17,183),(17,184),(17,185),(17,186),(17,187),(17,188),(20,189),(21,190),(21,191),(17,192),(22,193),(17,195),(17,196),(17,197),(17,198),(17,199),(17,200),(17,201),(17,202),(17,203),(21,204),(17,205),(23,206),(24,207),(17,220),(17,221),(17,222),(17,223),(21,224),(21,225),(21,226),(25,227),(25,228),(17,229),(17,230),(17,231),(17,233),(17,254),(26,255),(21,256),(27,257),(21,258),(21,259),(17,260),(28,261),(29,269),(17,270),(17,271),(17,272),(17,273),(17,279),(30,280),(27,281),(27,285),(27,286),(27,287),(27,288),(27,289),(27,290),(27,292),(27,293),(27,294),(27,295),(27,296),(27,297),(27,298),(31,299),(27,300),(32,302),(27,303),(33,304),(33,305),(34,306),(27,307),(27,309),(27,310),(27,311),(27,312),(27,313),(35,314),(36,315),(27,316),(27,317),(37,318),(27,319),(27,320),(27,321),(27,322),(27,323),(27,324),(27,325),(27,326),(38,327),(27,328),(39,329),(39,330),(27,331),(38,332),(40,333),(27,334),(27,335),(27,336),(27,337),(27,338),(9,339),(9,340),(2,341),(5,342),(5,343),(5,344),(2,345),(2,346),(2,347),(41,348),(2,349),(6,350),(2,351),(5,352),(2,353),(2,354),(7,355),(2,356),(2,357),(7,358),(2,359),(7,360),(2,361),(2,362),(2,363),(2,364),(2,365),(2,366),(2,367),(2,368),(2,369),(2,370),(2,371),(2,372),(2,373),(15,374),(2,375),(15,376),(15,377),(15,378),(17,379),(17,380),(42,381),(2,382),(43,384),(17,385),(17,386),(17,387),(17,388),(17,389),(17,390),(17,391),(17,392),(17,393),(17,394),(17,395),(17,396),(17,397),(17,398),(17,399),(43,400),(17,401),(17,402),(17,403),(17,404),(17,405),(17,406),(17,407),(17,408),(17,409),(17,410),(17,411),(44,412),(17,413),(17,414),(17,415),(17,416),(17,417),(17,418),(17,419),(17,420),(17,421),(17,422),(17,423),(17,424),(17,425),(17,426),(45,427),(17,428),(27,430),(27,431),(27,432),(27,433),(27,434),(27,435),(27,436),(27,437),(27,438),(27,439),(27,440),(27,441),(27,442),(27,443),(27,444),(27,445),(27,446),(27,447),(27,448),(27,449),(17,450),(27,451),(27,452),(27,453),(27,454),(27,455),(27,456),(27,457),(32,458),(27,459),(27,460),(27,461),(27,462),(27,463),(27,464),(32,465),(27,466),(27,467),(27,468),(27,469),(27,470),(27,471),(27,472),(27,473),(27,474),(27,475),(27,476);
/*!40000 ALTER TABLE `Diseño_de_Vestuario` ENABLE KEYS */;
UNLOCK TABLES;

--
-- Table structure for table `Obras`
--

DROP TABLE IF EXISTS `Obras`;
/*!40101 SET @saved_cs_client     = @@character_set_client */;
/*!40101 SET character_set_client = utf8 */;
CREATE TABLE `Obras` (
  `obra_id` int(4) NOT NULL AUTO_INCREMENT,
  `teatro_id` int(4) NOT NULL,
  `caja` int(2) NOT NULL,
  `num_de_prod` int(4) NOT NULL,
  `titulo` varchar(1024) NOT NULL,
  `año` int(4) NOT NULL,
  `notas` varchar(4096) DEFAULT NULL,
  PRIMARY KEY (`obra_id`),
  KEY `Obras_fk0` (`teatro_id`),
  CONSTRAINT `Obras_fk0` FOREIGN KEY (`teatro_id`) REFERENCES `Teatros` (`teatro_id`)
) ENGINE=InnoDB AUTO_INCREMENT=477 DEFAULT CHARSET=utf8;
/*!40101 SET character_set_client = @saved_cs_client */;

--
-- Dumping data for table `Obras`
--

LOCK TABLES `Obras` WRITE;
/*!40000 ALTER TABLE `Obras` DISABLE KEYS */;
INSERT INTO `Obras` VALUES (1,1,1,1,'La aventura de Tomás Chiquichaque',1946,'Adaptación al teatro de la novela de Mark Twain Tom Sawyer. Con esta obra se inicia el Teatro Infantil Universitario en la Escuela Elemental (Modelo) de la Facultad de Pedagogía, hoy de Educación de la Universidad de Puerto Rico, Recinto de Río Piedras.   La directora, María Judith Franco, fue alumna del Departamento de Drama, entonces bajo la dirección de Leopoldo (Poldín) Santiago Lavandero. María Judith acababa de terminar su Maestría en Teatro en la \"Piscator Theatre School of New York\".  La obra Las aventuras de Tomás Chiquichaque, se representó en el Teatro de la Universidad de Puerto Rico y así también todo el repertorio del Teatro Infantil Universitario.'),(2,1,1,2,'El pájaro azul',1947,'José Ángel Díaz y José Luis Marrero eran aún estudiantes de cuarto año de Bachillerato del Departamento de Drama'),(3,1,1,3,'La cabeza del dragón',1947,''),(4,1,1,4,'El cartero de rey',1948,'Taller de Teatro de Verano.  Laboratorio de Teatro para las Escuelas, ofrecido por el Departamento de Drama en el Teatro de la Universidad de Puerto Rico.  En colaboración con la Escuela Elemental (Modelo) de la Facultad de Pedagogía, hoy Educación. Se utilizaron como actores estudiantes de esa'),(5,1,1,5,'Blanca Nieves y los siete enanitos',1948,'José Ángel Díaz y Nilda González eran aún estudiantes de cuarto año de Bachillerato del Departamento de Drama '),(6,1,1,6,'La Cenicienta',1949,'Nilda González, egresada del Departamento de Drama, es nombrada instructora de Arte Dramático en la Escuela Superior e Intermedia de la Facultad de Educación de la Universidad de Puerto Rico, Recinto de Río Piedras. Tendrá a su cargo el Teatro Infantil Universitario.'),(7,1,1,7,'Le bella durmiente',1949,'El Teatro Infantil Universitario pasa a formar parte del Departamento de Drama y estará a cargo de Victoria Espinosa.  A partir de esta obra, todas se montarán en el Teatro de la Universidad de Puerto Rico.  Traducción de Victoria Espinosa.'),(8,1,1,8,'La sota de corazones',1949,'El Teatro Infantil Universitario pasa a formar parte del Departamento de Drama y estará a cargo de Victoria Espinosa.  A partir de esta obra, todas se montarán en el Teatro de la Universidad de Puerto Rico.  Traducción de Victoria Espinosa.'),(9,1,1,9,'Hansel y Gretel',1950,'Traducción de Victoria Espinosa'),(10,1,1,10,'Ondina',1950,''),(11,1,1,11,'FANTASÍA CHINA: La princesa perdida',1950,'Traducción de Victoria Espinosa. Carlos Marichal diseña algunos bocetos como ideas para vestuario'),(12,1,1,12,'FANTASÍA CHINA: El príncipe raptado',1951,'Traducción de Victoria Espinosa. Carlos Marichal diseña algunos bocetos como ideas para vestuario'),(13,1,1,13,'El mancebo que casó con mujer brava',1952,''),(14,1,1,14,'Un beso en Xanadú',1952,'Traducción de Victoria Espinosa.'),(15,1,1,15,'El espantapájaros',1952,'Laboratorio de Teatro para las escuelas, Verano 1952.  El espantapájaros es traducción de Victoria Espinosa.'),(16,1,1,16,'Antes del desayuno',1952,'Laboratorio de Teatro para las escuelas, Verano 1952.  '),(17,1,1,17,'El médico a palos',1952,'Con esta adaptación suya de \"El médico a pesar suyo\" de Molière y \"El médico a palos\" de Moratín, Victoria Espinosa recomienda que se le cambie el nombre de Teatro Infantil Universitario por el de Comedieta Universitaria, nombre que llevará a partir de entonces. También amplía su radio de acción, aceptando en el grupo a estudiantes de Escuela Superior e Intermedia del Área Metropolitana y pueblos limítrofes mediante pruebas de talento.  Luego de las representaciones en el Teatro de la Universidad, \"El médico a palos\" es adaptado al Teatro Rodante Universitario y recorrió varios pueblos de la isla. '),(18,1,1,18,'Otra vez el diablo',1952,'Se ofrecieron funciones para el Programa de Orientación y Admisión de la Universidad'),(19,1,1,19,'El médico a palos',1953,'La obra se adaptó al Teatro Rodante Universitario y recorrió varios pueblos de la Isla.'),(20,1,1,20,'El cumpleaños de la Infanta',1954,'Cuento de Oscar Wilde, adaptación al teatro por Stuart Walker, traducción de Victoria Espinosa'),(21,1,1,21,'La farsa de la tinaja',1954,'Cuento de Oscar Wilde, adaptación al teatro por Stuart Walker, traducción de Victoria Espinosa'),(22,1,1,22,'Las galas nuevas del Emperador Charlotte',1955,'Traducción de Victoria Espinosa'),(23,1,1,23,'Los títeres de cachiporra',1956,'Notas al programa por Margot Arce de Vázquez'),(24,1,1,24,'Los títeres de cachiporra',1957,'Se adapta al Teatro Rodante Universitario y recorrió varios pueblos de la isla.'),(25,1,1,25,'El flautista',1957,'Traducción de Victoria Espinosa.  Asesor musical, Roger Martínez.  Notas  al programa de mano por William Sinz.'),(26,1,1,26,'La caja de juguetes (Pantomima)',1958,'Música de Claude Debussy, Traducción libre de Victoria Espinosa'),(27,1,1,27,'Las picardías de Scapin',1958,'  Adaptación de Victoria Espinosa.'),(28,1,1,28,'RONDA DE JUEGOS        1. Dos payasos  2. El paraguas y la sombrilla  3. Escuela de Teatro  4. El circo de la buena voluntad  5. El retrato misterioso  6. El arca de Noé no parte hoy  7. La derrota de Sherlock Holmes  8. Una cosa es predicar  9. La reina es así  10. Transmisión de pensamiento',1959,'Luis Rafael Sánchez escribe el arreglo escénico que enlaza estas diez obras cortas de autores hispanoamericanos y le da el nombre de Ronda de Juegos.  Luis Rafael Sánchez escribe también las notas para el programa de mano.  La Comedieta Universitaria se une con este montaje a la celebración del Año de Teatro Internacional, que auspicia la UNESCO.'),(29,1,1,29,'Areyto pesaroso',1960,'El Instituto de Cultura Puertorriqueña invita por primera vez al Departamento de Drama a participar en el III Festival de Teatro Puertorriqueño con sus tres dependencias: Teatro Universitario, Teatro Rodante y Comedieta Universitaria.  La Comedieta Universitaria con este \"auto para siluetas\" de Victoria Espinosa, escrito expresamente para este festival e inspirado en sus cuentos.  LA MUERTE DE AGUEYBANA (Areyto en prosa) y TAHONÉ.  Luis Rafael Sánchez escribe las notas para el programa de mano.'),(30,1,1,30,'La ascención de Hannele',1960,'Segunda obra realizada al estilo de Teatro Arena dentro del escenario del Teatro de la Universidad de Puerto Rico, Recinto de Río Piedras.  El primer montaje con ese estilo lo realizó Leopoldo Santiago Lavandero en 1942 con las obras JOHN DOE de Bernard Bryer y EL SECRETO de Ramón J. Sender.  Se llevó a cabo en el antiguo Auditorio hoy Senado Académico. Traducción de Victoria Espinosa.'),(31,1,1,31,'La túnica del sol',1961,'Traducción de Jacinto Benavente.  Notas al  programa de mano por Nilda González.  Montaje inspirado en la técnica del \"Pekin Opera\"'),(32,1,1,32,'Títeres de cachiporra',1961,'Conmemoración de la muerte de García Lorca y celebración del XV aniversario del Teatro Rodante Universitario. Recorrió varios pueblos de la isla.'),(33,1,1,33,'La princesa sin par y Pedro el lobo',1964,'Traducción y arreglo de LA PRINCESA SIN PAR por Victoria Espinosa.  Libreto para pantomima para PEDRO  Y EL LOBO por Victoria Espinosa.  Notas para el programa de mano por Donald Thompson.  Último montaje que Victoria Espinosa realiza para la Comedieta Universitaria porque renuncia a su puesto en el Departamento de Drama para realizar estudios doctorales en teatro en la Universidad Nacional Autónoma de México (UNAM).  Inexplicablemente, la Comedieta Universitaria nunca más vuelve a activarse.'),(34,2,1,1,'La mujer más honesta del mundo',1941,'Hernán Nigaglioni funda en 1935 La Farándula Universitaria con la colaboración de Leopoldo Santiago Lavandero, Ester Palés, Rosita González Ginorio, José Luis Torregrosa, César Andreu, Alfonso Capestany, entre otros.  Montan NUESTRA NATACHA de Alejandro Casona, posiblemente dirigida por Santiago Lavandero y tal vez fuera representada en el Auditorio \"Assembly Hall\" detrás de La Torre de la Universidad de Puerto Rico, Recinto de Río Piedras, donde se ubica hoy día el Senado Académico. Los laboratorios de los cursos de Arte Teatral del Departamento de Arte de la Facultad de Humanidades son impartidos y realizados en ese mismo edificio por Leopoldo Santiago Lavandero. Esta obra fue la primera dirigida por Leopoldo Santiago Lavandero en ese mismo auditorio bajo el nombre de Teatro Universitario. En 1939-40 se construye el actual Teatro de la Universidad de Puerto Rico, que a partir de 1942 se convierte en la sede de lo que luego se conocerá como Departamento de Drama. '),(35,2,1,2,'John Doe',1942,'El montaje se hice al estilo de Teatro Arena por primera vez en Puerto Rico y se realiza en inglés'),(36,2,1,3,'El secreto',1942,'El montaje se hice al estilo de Teatro Arena por primera vez en Puerto Rico y se realiza en inglés'),(37,2,1,4,'Doña Rosita la soltera o el lenguaje de las flores',1942,'Posiblemente la primera obra de Federico García Lorca Federico en Puerto Rico'),(38,2,1,5,'Víspera de boda',1942,''),(39,2,1,6,'La niña y su teniente',1942,'Pantomima inspirada en una farsa de de César M. Corrada con música de Straus.'),(40,2,1,7,'Romeo y Julieta',1942,'Parodia basada en la obra de Shakespeare del mismo nombre.'),(41,2,1,8,'El pavo real',1942,'Primera obra que el Teatro Universitario monta en el recién construido Teatro de la Universidad de Puerto Rico.  A partir de entonces, éste se convertirá en la sede de los montajes de las obras dirigidas por Leopoldo Santiago Lavandero así como de los cursos que él imparte.  Los alumnos del curso de Dirección Escénica montan también en este teatro los laboratorios de este curso.'),(42,2,1,9,'El licenciado Vidriera',1943,''),(43,2,2,10,'Prohibido suicidarse en primavera',1943,''),(44,2,2,11,'La resentida',1944,'Primera obra del teatro puertorriqueño montada por el Teatro Universitario'),(45,2,2,12,'Los guardianes del faro',1944,''),(46,2,2,13,'El salvaje',1944,''),(47,2,2,14,'Declaración amorosa',1944,''),(48,2,2,15,'Un día de octubre',1944,''),(49,2,3,16,'La vida es sueño',1945,''),(50,2,3,17,'Seis personajes en busca de un autor',1945,''),(51,2,3,18,'Sancho Panza en la Ínsula Barataria',1945,'Basada en un personaje de \"El Quijote\" de Cervantes'),(52,2,3,19,'La guarda cuidadosa',1945,''),(53,2,3,20,'Declaración amorosa',1945,'Adaptada luego al ambiente campesino puertorriqueño por Leopoldo Santiago Lavandero'),(54,2,3,21,'El ricachón en la corte',1945,'Con música de Enrique Casal Chapí compuesta expresamente para este montaje'),(55,2,3,22,'El milagro de San Antonio',1946,'Primer Taller de Teatro de Verano'),(56,2,3,23,'El retablo de las maravillas',1946,'En este año Leopoldo Santiago Lavandero y Rafael Cruz Emeric inauguran el Teatro Rodante Universitario, frente a La Torre de la UPR con las obras \"Sancho Panza en la Ínsula Barataria\" de Alejandro Casona y \"Declaración amorosa\" de Anton Chejov.  Se inaugura también el Teatro Infantil Universitario en la Escuela Modelo de la UPR con la obra \"Tomas Chiquichaqui\", adaptación de la novela de Mark Twain bajo la dirección de María Judith Franco.  Esta agrupación contó con el apoyo de Leopoldo Santiago Lavandero.'),(57,2,4,24,'Las columnas de la sociedad',1946,'Rafael Cruz Emeric se convierte en el Director Técnico de todos los montajes del Teatro Universitario y del Teatro Rodante Universitario.'),(58,2,4,25,'Don Juan Tenorio',1947,'Última obra dirigida por Leopoldo Santiago Lavandero antes de partir a la Universidad de Yale a terminar su Maestría en Teatro'),(59,2,4,26,'El viajero sin equipaje',1948,'El Dr. Ludwig Schajowicz, exiliado austriaco, es nombrado Profesor Visitante para que sustituya a Leopoldo Santiago Lavandero como Director Interino de la Sección de Teatro.  Primera obra dirigida por Ludwig Schajowicz en Puerto Rico.'),(60,2,4,27,'Ifigenia en Aulide',1949,'Primera tragedia griega representada en Puerto Rico.  A partir de entonces la Sección de Teatro se separa de la Sección de Arte y pasa a llamarse Departamento de Drama por recomendación de Schajowicz.  Schajowicz asume en propiedad la dirección del Departamento  porque Santiago Lavandero renuncia a su puesto en la UPR al ser nombrado profesor en la Universidad de Yale'),(61,2,5,28,'Noche de reyes',1949,'Carlos Marichal, pintor y exiliado español, llega a Puerto Rico, invitado para que asuma interinamente el puesto de Director Técnico del Departamento de Drama durante la licencia de Rafael Cruz Emeric, quien irá a la Universidad de Yale a realizar estudios de Maestría en Técnica Escenográfica y Luminotécnica.  Primera escenografía diseñada por Carlos Marichal en Puerto Rico. Schajowicz nombra A Nilda González como su Ayudante y a Victoria Espinosa como Ayudante de Vestuario y además Directora del Teatro Infantil Universitario que ha sido asignado al Departamento de Drama.  A partir de entonces, éste constará de tres unidades: Teatro Universitario, Teatro Rodante Universitario y Teatro Infantil Universitario.'),(62,2,6,29,'El tiempo es un sueño',1950,'Esta obra se representó en el entonces recién restaurado Teatro Tapia en San Juan porque se estaba instalando un nuevo sistema de aire acondicionado en el Teatro de la Universidad de Puerto Rico.'),(63,2,6,30,'El celoso farfullero',1950,'Esta obra se representó en el entonces recién restaurado Teatro Tapia en San Juan porque se estaba instalando un nuevo sistema de aire acondicionado en el Teatro de la Universidad de Puerto Rico.'),(64,2,6,31,'Hécuba',1950,''),(65,2,6,32,'La dama duende',1951,''),(66,2,6,33,'El camino real',1951,'En la Enciclopedia Ilustrada Atlántida de Alberto Rodríguez Muñoz, 1967 #22, El Teatro, p.10'),(67,2,6,34,'El amor de Don Perlimpín con Belisa en su jardín',1951,'José Luis (Chavito) Marrero, exalumno del Departamento de Drama es invitado a interpretar el personaje de Don Perlimpín compartiéndolo con el alumno Juan Miranda Alfonso'),(68,2,6,35,'El abanico',1952,''),(69,2,6,36,'Widow\'s Walk',1952,'Realizada en inglés por el Departamento de Inglés con el coauspicio del Departamento de Drama.  Juano Hernández es actor de teatro y cine en los Estados Unidos.  Es nominado al Oscar en 1950 como Actor Secundario por la película Intruder in the Dust.  La UPR le concede un Doctorado Honoris Causa.  Se radica en Puerto Rico y forma parte del Departamento de Inglés de la Facultad de Humanidades como Profesor'),(70,2,6,37,'El momento de tu vida',1952,'Carlos Marichal es director interino del Departamento de Drama en ausencia de Ludwig Schajowicz que disfruta de una licencia sabática.  El Teatro Infantil Universitario pasa a llamarse La Comedieta Universitaria a partir de la obra \"El médico a palos\" de Molière'),(71,2,7,38,'Jinetes hacia el mar',1953,'Traducción de Zenobia Camprubi y Juan Ramón Jiménez.  Primera obra dirigida por Nilda González para el Departamento de Drama.'),(72,2,7,39,'La margarita',1953,'Primera obra dirigida por Nilda González para el Departamento de Drama.'),(73,2,7,40,'La fablilla del secreto bien guardado',1953,'Primera obra dirigida por Nilda González para el Departamento de Drama.'),(74,2,7,41,'El gran teatro del mundo',1953,'Con la colaboración del Coro de la Universidad de Puerto Rico, Recinto de Río Piedras bajo la dirección de Augusto Rodríguez.  Guillermo Díaz Plaja publica una fotografía de este montaje en El Teatro, \"Enciclopedia del Arte Escénico\", edit. Noguer, España, 1958.  Última obra dirigida por Ludwig SWchajowicz para el Departamento de Drama'),(75,2,7,42,'Saint Joan',1954,'Temporada de teatro en inglés intepretada por el grupo \"20 Players\" de Nueva York auspiciado por la Oficina de Actividades Culturales con el coauspicio del Departamento de Drama.'),(76,2,7,43,'The Taming of the Shrew',1954,'Temporada de teatro en inglés intepretada por el grupo \"20 Players\" de Nueva York auspiciado por la Oficina de Actividades Culturales con el coauspicio del Departamento de Drama.'),(77,2,7,44,'Androcles and the Lion',1954,'Temporada de teatro en inglés intepretada por el grupo \"20 Players\" de Nueva York auspiciado por la Oficina de Actividades Culturales con el coauspicio del Departamento de Drama.'),(78,2,7,45,'Así que pasen cinco',1954,'Ludwig Schajowicz renuncia como director del Departamento de Drama y pasa a dirigir el Departamento de Bellas Artes.  Sebastián González García, Decano de la Facultad de Humanidades, nombra un Comité Provisional que regirá el Depto. De Drama de 1955-1957.  Este Comité lo constituyeron: Helen Sackett, Nilda González, Rafael Cruz Emeric y Victoria Espinosa.  El Departamento de Drama vuelve bajo la égida del Departamento de Bellas Artes. Esta obra se montó por vez primera con el alumnado del curso Nocturno de Actuación, libre de costo de matrícula para las personas no universitarias.  Primera obra de movimientos surrealista y expresionista montada en Puerto Rico.  Estreno mundial de esta obra de Federico García Lorca. Primera obra dirigida por Victoria Espinosa para el Teatro Universitario.'),(79,2,7,46,'La dama boba',1954,'Myrna Casas forma parte de la Facultad del Departamento de Drama como Instructora'),(80,2,7,47,'La vida que de ti',1954,''),(81,2,7,48,'Los ciegos',1955,'Con la colaboración del Cuarteto de Cámara de la Rondalla'),(82,2,7,49,'Verano y humo',1955,''),(83,2,8,50,'La máquina de sumar',1955,'Al presenciar el montaje de esta obra, el Rector Jaime Benítez recomienda que todas las producciones del Departamento de Drama sean libre de costo para el público en general, a partir de esta obra.'),(84,2,8,51,'La comedia de las equivocaciones',1955,'Réplica de un teatro isabelino.  En la Revista Theatre Arts, 1967, marzo, p. 601, en Shakespeare USA por Alice Griffin, aparece una fotografía de este montaje'),(85,2,8,52,'La alondra',1955,''),(86,2,8,53,'Bolero y Plena : el murciélago y medusas en la bahía',1956,'Segunda obra del teatro Puertorriqueño montada por el Departamento de Drama, doce (12) años después de la primera, La Resentida de Enrique Laguerre.'),(87,2,8,54,'La hija de Iorio',1956,'Segunda obra montada por el curso nocturno de Actuación'),(88,2,9,55,'Hombre y superhombre',1956,'Centenario de George Bernard Shaw'),(89,2,9,56,'Teatro incompleto',1956,'Tercer curso nocturno de actuación.  Estreno mundial'),(90,2,9,57,'La muerte',1957,'Tercera obra de Teatro Puertorriqueño'),(91,2,9,58,'Los tejedores',1957,'Último curso nocturno de actuación por utilizarse a partir de entonces el Teatro de la Universidad para el Festival Casals en la misma fecha en que este curso realizaba sus montajes en este teatro.  Nilda González es nombrada Directora del Departamento de Drama y éste vuelve a quedar libre del Departamento de Bellas Artes'),(92,2,9,59,'Los justos',1958,'Esta puesta en escena se representó en el Colegio Regional de Humacao de la Universidad de Puerto Rico el 21 de septiembre de 1958 en el Teatro Oriente. '),(93,2,10,60,'La Celestina',1958,'En 1959, ABC de Madrid, 2 de agosto de 1959 aparece una fotografía de esta obra como ilustraciónde lo escrito por José María Cossío de la Real Academia Española con el título \"Sobre Escenario de La Celestina\"'),(94,2,10,61,'La espera',1958,'Inauguración del Teatro Experimental Universitario en el sótano del Teatro de la Universidad de Puerto Rico.  Primera obra dramática del escritor puertorriqueño Luis Rafael Sánchez. '),(95,2,10,62,'Lectura de un pasaje del Quijote (Cap. XI, 2da parte)',1959,'Segundo montaje realizado en el Teatro Experimental Universitario'),(96,2,10,63,'El paso de las aceitunas',1959,'Segundo montaje realizado en el Teatro Experimental Universitario'),(97,2,10,64,'El retablo de las maravillas',1959,'Segundo montaje realizado en el Teatro Experimental Universitario'),(98,2,10,65,'El apolo de Belac',1959,'Laboratorio de Arte Teatral de Verano realizado en el Teatro Experimental Universitario'),(99,2,10,66,'La voz humana',1959,'Laboratorio de Arte Teatral de Verano realizado en el Teatro Experimental Universitario'),(100,2,10,67,'Nuestro pueblo',1959,'Laboratorio de Arte Teatral de Verano realizado en el Teatro Experimental Universitario'),(101,2,10,68,'El puente',1959,'Año internacional del Teatro dedicado a Hispanoamérica auspiciado por la UNESCO.  Se utilizó un escenario giratorio sobre el escenario del Teatro de la Universidad de Puerto Rico diseñado por Rafael Cruz Emeric'),(102,2,11,69,'De tanto caminar',1960,'Contribución al III Festival de Teatro Puertorriqueño auspiciado por el Instituto de Cultura Puertorriqueña.  La obra se representa en el Teatro Tapia.  Participa también el Teatro Rodante Universitario con las obras : Un jíbaro y una jíbara de Méndez Quiñones dirigidas por Nilda González.  La Comedieta Universitaria participa con Areyto Pesaroso de Victoria Espinosa y dirigida por la autora misma en el Teatro de la Universidad'),(103,2,11,70,'El jardín de los cerezos',1961,'Centenario de Anton Chejov'),(104,2,11,71,'La vuelta al hogar',1961,'Contribución al IV Festival de Teatro Puertorriqueño del Instituto de Cultura Puertorriqueña'),(105,2,11,72,'Edipo Rey',1961,'Lectura dramatizada como laboratorio de curso de Dicción y en colaboración con los cursos de Humanidades Básicas de la Facultad de Estudios Generales.'),(106,2,11,73,'Cada cual',1961,''),(107,2,11,74,'La farsa de Maese Patelín',1961,''),(108,2,11,75,'A puerta cerrada',1961,'Teatro Arena con público dentro del escenario del Teatro de la Universidad de Puerto Rico.  Viaje a la República Dominicana por invitación del Ministerio de Educación.'),(109,2,11,76,'Los justos',1961,'Teatro Arena con público dentro del escenario del Teatro de la Universidad de Puerto Rico.  Viaje a la República Dominicana por invitación del Ministerio de Educación.'),(110,2,11,77,'El otro',1961,'Viaje a la República Dominicana por invitación del Ministerio de Educación. Montada en el teatro Experimental Universitario en conmemoración de los 25 años de la muerte de Unamuno.'),(111,2,11,77,'La Celestina',1962,''),(112,2,11,78,'Romancero gitano',1962,''),(113,2,11,79,'La estrella de Sevilla',1962,'Centenario de Lope de Vega.  Montaje realizado en una réplica de un Tablado Lopezco.'),(114,2,11,80,'Así es, si así os parece',1963,'Obras presentadas por el Teatro Escuela de la República Dominicana en ocasión de su visita a Puerto Rico.'),(115,2,11,81,'Vacaciones en el cielo',1963,'Obras presentadas por el Teatro Escuela de la República Dominicana en ocasión de su visita a Puerto Rico.'),(116,2,12,82,'Espejo de avaricia',1963,'Laboratorio de Arte Teatral de Verano.  Se realizó en un escenario convencional construido dentro del escenario del Teatro de la Universidad de Puerto Rico.'),(117,2,12,83,'El desconfiado prodigioso',1963,'Laboratorio de Arte Teatral de Verano.  Se realizó en un escenario convencional construido dentro del escenario del Teatro de la Universidad de Puerto Rico.'),(118,2,12,84,'La farsa de la tinaja',1963,'Laboratorio de Arte Teatral de Verano.  Se realizó en un escenario convencional construido dentro del escenario del Teatro de la Universidad de Puerto Rico.'),(119,2,12,85,'Platero y yo',1963,'Selecciones de este libro en conmemoración del Sexto Aniversario de la concesión del Premio Nobel en Literatura al poeta'),(120,2,12,86,'La intrusa',1963,''),(121,2,12,87,'El extraño jinete',1963,''),(122,2,12,88,'Esperando a Godot',1963,'Primera obra dirigida por Myrna Casas para el Depto. de Drama.  Teatro de Arena dentro del escenario del Teatro de la Universidad de Puerto Rico.'),(123,2,12,89,'La dama del alba',1964,'Colaboración con el programa de Español Básico de la Facultad de Estudios Generales'),(124,2,12,90,'El padre',1964,'Teatro Arena dentro del escenario del Teatro de la Universidad de Puerto Rico durante un Taller de Verano'),(125,2,12,91,'Chia',1964,'Premio del Certamen de Teatro auspiciado por el Departamento de Drama para inaugurar el nuevo Teatro Experimental diseñado por Rafael Cruz Emeric, en sustitución al que hacía cinco (5) años él construyera en el sótano del Teatro de la Universidad de Puerto Rico.  El de ahora está al lado y al mismo nivel del escenario'),(126,2,12,92,'El mercader de Venecia',1964,'Conmemoración del Cuarto Centenario del nacimiento de Shakespeare.  Se realiza durante un Taller de Verano.'),(127,2,12,93,'La vida del hombre',1965,''),(128,2,12,94,'Divinas palabras',1965,'Colaboración con el programa de Español Básico de la Facultad de Estudios Generales'),(129,2,12,95,'Terror y misería del Tercer Reich',1966,'Aniversario de la muerte de Brecht'),(130,2,12,96,'El hombre que se casó con la mujer muda',1966,'Contribución a los X Juegos Centroamericanos y del Caribe celebrados en Puerto Rico'),(131,2,13,97,'La pantomima de la estatua',1966,''),(132,2,13,98,'Sganarelle o el cornudo imaginario',1966,''),(133,2,13,99,'Platero y yo',1966,'Laboratorio del curso de Dicción y Elocución con motivos del Décimo Aniversario del Premio Nobel en Literatura otorgado a Juan Ramón Jiménez'),(134,2,13,100,'La loca de Chaillot',1967,''),(135,2,13,101,'Un soñador para un pueblo',1967,'Participación del Coro de la Universidad de Puerto Rico bajo la dirección de Augusto Rodríguez.  Colaboración con los X Juegos Centroamericanos y del Caribe celebrados en Puerto Rico.  Colaboración con los cursos de Español Básico de la Facultad de Estudios Generales.'),(136,2,13,102,'Seis personajes en busca de un autor',1967,'Centenario del nacimiento de Pirandello'),(137,2,13,103,'LECTURAS DRAMATIZADAS: La vuelta al hogar ; Los soles truncos ; La hiel nuestra de cada día ; Los ángeles se han fatigado',1968,'Laboratorio del curso Panorama del Teatro Puertorriqueño '),(138,2,13,104,'El dios indiferente',1968,''),(139,2,13,105,'La gaviota',1968,''),(140,2,13,106,'Diálogo de las carmelitas',1968,'Primera obra dirigida por Dean Zayas para el Departamento de Drama'),(141,2,13,107,'Los bajos fondos',1968,'Centenario del nacimiento de Máximo Gorki'),(142,2,13,108,'La resentida',1969,'Contribución al IX Festival de Teatro Puertorriqueño del Instituto de Cultura Puertorriqueña'),(143,2,13,109,'Hipólito',1970,'Homenaje póstumo a Carlos Marichal con una exposición de algunos diseños de escenografía y vestuario en el vestíbulo del Teatro de la Universidad de Puerto Rico'),(144,2,13,110,'Ubu Rey',1971,'Última obra diseñada por Mrs. Sackett para el Departamento de Drama'),(145,2,13,111,'Las manos de Dios',1972,'Última obra dirigida por Nilda González para el Depto. de Drama.  Nilda González renuncia par acogerse a la jubilación después de treinta (30) años de servicio.  Escribe el libro Bibliografía del teatro puertorriqueño, Editorial UPR, 1979.  Edwin Silva Marini la sustituye temporeramente mientras Myrna Casas termina su doctorado en Teatro y regresa a ocupar el puesto de directora del Departamento de Drama en propiedad'),(146,2,13,112,'Navidad 1972',1972,'Se utilizaron poemas de Lope de Vega, Góngora, Gil Vicente y San Juan de la Cruz.   El montaje se llevó a cabo al aire libre en las escalinatas en el techo del Museo de Historia, Antropología y Arte de la Universidad de Puerto Rico como Laboratorio'),(147,2,13,113,'Camino real',1972,''),(148,2,14,114,'Tric Trac',1973,'Teatro Arena dentro del escenario del Teatro de la Universidad de Puerto Rico.'),(149,2,14,115,'La olla',1973,'Laboratorio de los cursos de Dicción y Pantomima ; dirección de Gilda Navarra y dirección coral de Maricusa Ornés'),(150,2,14,116,'Bodas de sangre',1974,'Con esta obra se inaugura el actual Teatrito UPR (Antes se ubicaba en el sótano del Teatro UPR y se conocía como Teatro Experimental. La dicción estuvo a cargo de Maricusa Ornes y la coreografía de Gilda Navarra'),(151,2,14,117,'Un cuervo en la madrugada',1974,''),(152,2,14,118,'Los melindres de Belisa',1974,'Participación en el Primer Festival del Teatro del Siglo de Oro Español celebrado en el Chamizal Memorial de El Paso, Texas en 1976.  Se copan todos los premios.'),(153,2,14,119,'Retablo divino',1974,'Arreglo de Maricusa Ornés de pasajes de La Biblia, villancicos, aguinaldos, trozos de Gómez Manrique, Lope de Vega, Gil Vicente, Francisco de Ávila, Sor Juana Inés de la Cruz y Ricardo de León.'),(154,2,14,120,'El burgués gentil hombre',1975,''),(155,2,14,121,'Opera de tres centavos',1975,'Coauspician el Departamento de Música y Actividades Culturales'),(156,2,14,122,'Auto de la compadecida',1975,'Teatro Arena dentro del escenario del Teatro de la Universidad de Puerto Rico'),(157,2,14,123,'La casa de Bernarda Alba',1975,''),(158,2,14,124,'Tres hermanas',1976,'Teatro Arena dentro del escenario del Teatro de la Universidad de Puerto Rico'),(159,2,14,125,'TRES CUENTOS, TRES REYES: EMBELECO NAVIDEÑO  - Cuando las flores de pascua son flores de azahar',1976,''),(160,2,14,126,'TRES CUENTOS, TRES REYES: EMBELECO NAVIDEÑO  -La niña de los fósforos',1976,''),(161,2,14,127,'TRES CUENTOS, TRES REYES: EMBELECO NAVIDEÑO  - Pastores de la ciudad',1976,''),(162,2,15,128,'Divinas palabras',1977,''),(163,2,15,129,'El público',1978,'Estreno mundial de esta obra desconocida de Federico García Lorca a los cuarenta y dos años de su muerte y con motivo del sexagésimop aniversario de la Universidad de Puerto Rico.  Rafael Martínez Nadal, amigo de Lorca, fue a quien el poeta le entregó el manuscrito de El Público, antes de partir a Granada donde fue asesinado.  Las instrucciones del poeta fueron que los destruyera si a él le pasaba algo.  Martínez Nadal no cumplió su promesa y salvó el manuscrito para la posteridad.  Juan Antonio Rodríguez Pagán, puertorriqueño, consigue el manuscrito, ya publicado y le entrega a Victoria Espinosa y Myrna Casas, entonces directora del Departamento de Drama y les autoriza a que las monte bajo ese departamento.'),(164,2,15,130,'El círculo de tiza caucasiano',1979,''),(165,2,15,131,'Asia o el lejano Oriente',1979,'Teatro Arena dentro del escenario del Teatro de la Universidad de Puerto Rico'),(166,2,15,132,'Cuentos, cuentos y más cuentos',1979,'Montada al aire libre en los terrenos deportivos de pista y campo detrás del Teatro de la Universidad de Puerto Rico'),(167,2,15,133,'Don Gil de las calzas verdes',1979,'Participación en el IV Festival de Teatro de Siglo de Oro Español en el Chicago Memorial Park de El Paso, Texas en 1979.  Copa casi todos los premios.'),(168,2,15,134,'Noches de guerra en el Museo del Prado',1980,'Myrna Casas renuncia para acogerse a la jubilación.  Dean Zayas pasa a ser Director del Departamento de Drama.  Dean Zayas reincorpora a Victoria Espinosa a la Facultad del Departamento de Drama'),(169,2,15,135,'Las troyanas',1980,'Teatro Arena dentro del escenario del Teatro de la Universidad de Puerto Rico'),(170,2,15,136,'Casa con dos puertas mala es de guardar',1981,''),(171,2,15,137,'La maestra',1981,''),(172,2,15,138,'La orgía',1981,''),(173,2,15,139,'El señor Galíndez',1981,''),(174,2,15,140,'Nocturno en el sexo de los unicornios',1982,'Primer Encuento de Joven Dramaturgia Universitaria'),(175,2,15,141,'Revolución en el infierno',1982,'Primer Encuento de Joven Dramaturgia Universitaria'),(176,2,15,142,'La moza de Cántaro',1982,''),(177,2,15,143,'Las habladoras',1982,''),(178,2,15,144,'Los habladores',1982,''),(179,2,15,145,'Las brujas de Salem',1982,''),(180,2,15,146,'Canción de Navidad',1982,'Escenario giratorio construido encima del escenario del Teatro de la Universidad de Puerto Rico'),(181,2,16,147,'El Lazarillo de Tormes',1983,'Último Taller de Teatro de Verano.  Montada en el Teatro Experimental Universitario.'),(182,2,16,148,'El sol y los McDonald',1983,'Contribución al XVI Festival de Teatro del Ateneo Puertorriqueño dedicado a René Marqués.'),(183,2,16,149,'EL RETABLO DE LAS MARAVILLAS Y OTRAS MARAVILLAS : El viejo celoso',1983,'Dirección musical de Gil René, alumno del Depto. de Drama'),(184,2,16,150,'EL RETABLO DE LAS MARAVILLAS Y OTRAS MARAVILLAS : Las cuevas de Salamanca',1983,'Dirección musical de Gil René, alumno del Depto. de Drama'),(185,2,16,151,'EL RETABLO DE LAS MARAVILLAS Y OTRAS MARAVILLAS : Los habladores',1983,'Dirección musical de Gil René, alumno del Depto. de Drama'),(186,2,16,152,'EL RETABLO DE LAS MARAVILLAS Y OTRAS MARAVILLAS : El juez de los divorcios',1983,'Dirección musical de Gil René, alumno del Depto. de Drama'),(187,2,16,153,'EL RETABLO DE LAS MARAVILLAS Y OTRAS MARAVILLAS :  El retablo de las maravillas',1983,'Dirección musical de Gil René, alumno del Depto. de Drama'),(188,2,16,154,'Canción de Navidad',1983,'Reposición'),(189,2,16,155,'Arcos de sangre',1984,'Segundo Encuentro de Joven Dramaturgia Universitaria celebrando los cuarenta años del Departamento de Drama.  Se interrumpió a partir de la primera función de Historia del loco que se convirtió en cuerdo y Mermelada para todos, ya que el montaje de esta última disgustó al Decano de Humanidades y recomendó al Depto. de Drama que se suspendiera'),(190,2,16,156,'Historia del loco que se convirtió cuerdo',1984,'Segundo Encuentro de Joven Dramaturgia Universitaria celebrando los cuarenta años del Departamento de Drama.  Se interrumpió a partir de la primera función de Historia del loco que se convirtió en cuerdo y Mermelada para todos, ya que el montaje de esta última disgustó al Decano de Humanidades y recomendó al Depto. de Drama que se suspendiera'),(191,2,16,157,'Mermelada para todos',1984,'Segundo Encuentro de Joven Dramaturgia Universitaria celebrando los cuarenta años del Departamento de Drama.  Se interrumpió a partir de la primera función de Historia del loco que se convirtió en cuerdo y Mermelada para todos, ya que el montaje de esta última disgustó al Decano de Humanidades y recomendó al Depto. de Drama que se suspendiera'),(192,2,16,158,'Habladme en entrando',1984,'Participación en el IX Festival del Teatro del Siglo de Oro Español del Chamizal Memorial Park, El Paso, Texas, 1984.  Dean Zayas crea el curso de Teatro Rodante en 1984 (TEAT 4081-4082), cinco años después que Myrna Casas se viera obligada a dar de baja el carromato del Teatro Rodante Universitario por su deterioro al estar expuesto a la interperie.  El curso de TEAT 4081-4082 provee a los estudiantes universitarios exención de matrícula.'),(193,2,16,159,'El hombre de la luna',1984,'Primera obra infantil realizada veintiún años después que se eliminara la Comedieta Universitaria en 1964.'),(194,2,16,160,'MUESTRA TEATRAL DE LOS ESTUDIANTES DE DRAMA',1985,'Collage de escenas del Teatro Mundial, dedicado a Myrna Casas con motivo de su jubilación como Directora del Departamento de Drama.'),(195,2,16,161,'Madre coraje y sus hijos',1986,'Dean Zayas renuncia como Director del Departamento de Drama y lo sustituye por corto tiempo José Félix Gómez.'),(196,2,16,162,'Por el sótano y el torno',1986,''),(197,2,16,163,'La olla',1987,''),(198,2,16,164,'El rey Lear',1987,'Homenaje al actor puertorriqueño José Luis Chavito Marrero, ex-alumno del Departamento de Drama. Él intepreta el papel del Rey Lear como actor visitante, el cual comparte con el estudiante con el estudiante Gerardo Ortiz.'),(199,2,16,165,'Areyto pesaroso',1987,'Producida por la Oficina del Rector con la colaboración del Departamento de Drama y con motivo de la Expedición de las Canoas por el Amazonas como parte del V Centenario del Descubrimiento de América.  Basada en el diseño de vestuario original de Myrna Casas.  Basada en el diseño de la ecenografía original de Rafael Cruz Emeric.  José Félix Gómez renuncia como Director del Dept. de Drama y parte a Murcia, España a iniciar estudios doctorales en Teatro.'),(200,2,16,166,'Mascarada',1988,'José Luis Ramos Escobar sustituye a José Félix Gómez como Director del Departamento de Drama.'),(201,2,16,167,'La trasescena',1988,''),(202,2,16,168,'El dragón',1989,'Pablo Cabrera, director y profesor puertorriqueño del Colegio de Hostos de Nueva York, es invitado como Director Visitante a ofrecer un Taller de Teatro en el Departamento de Drama.  Esta obra es el laboratorio de ese taller.  Recibe el Premio del Mejor Vestuario otorgado por el Círculo de Críticos de Teatro Puertorriqueño.'),(203,2,16,169,'Los tres cornudos',1989,''),(204,2,16,170,'Los papeleros',1989,'Taller de Teatro Experimental realizado en el Teatro Julia de Burgos por estudiantes de Drama'),(205,2,16,171,'El león y la joya',1989,'Colaboración con el Instituto de Estudios del Caribe de la Facultad de Ciencias Sociales y la Oficina de Actividades Culturales con motivo de la Conferencia Internacional : Persistencia africana en las sociedades del Caribe.'),(206,2,16,172,'El negro en América',1989,''),(207,2,17,173,'FESTELAT                      Cyrano de Bergerac',1990,'Cincuentenario del Departamento de Drama y la inauguración del Primer Festival de Teatro Latinoamericano de Río Piedras, FESTELAT.  Este evento fue organizado por el Departamento de Drama y la Oficina de Actividades Culturales de la Universidad de Puerto Rico, Recinto de Río Piedras.  El Festival fue dedicado a José Emilio González, póstumament.  La obra recibe el Premio de Mejor Producción de 1989, Otorgado por el Círculo de Críticos de Teatro Puertorriqueño.'),(208,2,17,174,'FESTELAT                            Vinagre',1990,'Primer Encuento de Joven Dramaturgia Universitaria'),(209,2,17,175,'FESTELAT                             Ulf',1990,'Compañía Actoral de Venezuela'),(210,2,17,176,'FESTELAT                      Potestad',1990,'Argentina'),(211,2,17,177,'FESTELAT                          Ariano',1990,'Nueva York'),(212,2,17,178,'FESTELAT                       La secreta obscenidad de cada día',1990,'Chile'),(213,2,17,179,'El paso, parábola del camino',1990,'Compañía La Calandria de Colombia'),(214,2,17,180,'No toques ese vals',1990,'Grupo Yuyachkani de Perú'),(215,2,17,181,'Juegos faustos',1990,'México'),(216,2,17,182,'El comisario',1990,'Grupo el Gran Quince'),(217,2,17,183,'Cuajitos en la silla del Senador',1990,'Compañía Nuevo Teatro Pobre de América'),(218,2,17,184,'Con machete en mano',1990,'Compañía Flor de Cahíllo'),(219,2,17,185,'Dios en el playgirl de noviembre',1990,'Compañía Coribantes'),(220,2,17,186,'La gaviota',1990,'En colaboración con Teatro del 60.  Wolf Aniol es un actor y director alemán invitado por Teatro del 60 para dirigir esta obra'),(221,2,17,187,'Kofresí : un bululú caribeño',1990,'En colaboración con Teatro del 60.'),(222,2,17,188,'La llamada de Lauren',1990,'Taller de Teatro Experimental realizado en el Teatro Julia de Burgos por estudiantes del Departamento de Drama'),(223,2,17,189,'Thymele',1990,'Taller de Teatro Experimental realizado en el Teatro Julia de Burgos por estudiantes del Departamento de Drama'),(224,2,17,190,'Novedades del horror',1990,'Taller de Teatro Experimental realizado en el Teatro Julia de Burgos por estudiantes del Departamento de Drama'),(225,2,17,191,'La madriguera',1990,'Taller de Teatro Experimental realizado en el Teatro Julia de Burgos por estudiantes del Departamento de Drama'),(226,2,17,192,'Diario de los ángeles',1990,'Taller de Teatro Experimental realizado en el Teatro Julia de Burgos por estudiantes del Departamento de Drama'),(227,2,17,193,'Sombras de luz',1990,'Taller de Teatro Experimental realizado en el Teatro Julia de Burgos por estudiantes del Departamento de Drama'),(228,2,17,194,'Misterio de la no luna',1991,'Primer Premio de Dramaturgia Infantil Universitaria auspiciado por el Departamento de Drama.  Participa en la Serie de Teatro Nacional auspiciado por el Departamento de Drama'),(229,2,17,195,'Donde reinan las arpías',1992,'Primer Premio del Certamen  de Teatro Nacional auspiciado por el Departamento de Drama'),(230,2,17,196,'Los santos',1992,'Co-producción con el Aula del Teatro Universitario de la Universidad de Murcia, España, con motivo del Centenario del nacimiento de Pedro Salinas.  La obra es interpretada por los actores españoles visitantes de esa Aula, acompañados por algunos estudiantes del Departamento de Drama'),(231,2,17,197,'En la ardiente oscuridad',1992,'Intercambio cultural con la Universidad de Barcelona, España.  El director español, Ricardo Salvat dirige esta obra en Puerto Rico para el Departamento de Drama'),(232,2,17,198,'Entre ratas y gorriones',1992,'Taller de Teatro Experimental con el coauspicio de Cuarzo Blanco'),(233,2,17,199,'Bernardo de Palissy  ',1993,''),(234,2,17,200,'FESTELAT, 2do Festival de Teatro Latinoamericano        ROMPEFORMA',1993,'FESTELAT, 2do Festival de Teatro Latinoamericano.  Organizado por el Departamento de Drama y la Oficina de Actividades Culturales de la Universidad de Puerto Rico, Recinto de Río Piedras.  Colabora también el Instituto de Cultura Puertorriqueña.    Actividades Especiales : a. 1-15 septiembre, Exposición : Teatro Puertorriqueño a través del tiempo en la Sala de Actos del Centro Universitario. b. 2 y 3 de septiembre : Simposio, Dramaturgia Puertorriqueña : Encuentro de Dos Mundos, Sala A de la Facultad de Humanidades. c. 6 de septiembre, Encuentro de Actores, Sala de Actos del Centro Universitario.  ROMPEFORMA : Danza Experimental en el Anfiteatro Julia de Burgos'),(235,2,17,200,'Piaf entre nous  (FESTELAT)',1993,'Ivette Rodríguez en el Centro de Bellas Artes'),(236,2,17,201,'Nosferatu',1993,'FESTELAT. Compañía Aleph de Provi Seín en Puerto Rico.  Se escenificó en el Teatro Tapia.  '),(237,2,17,202,'Pinocchio',1993,'FESTELAT.  Compañía La Troppa de Chile.  Se escenificó en el Teatro de la Universidad de Puerto Rico.'),(238,2,17,203,'Che Tanguito',1993,'FESTELAT.  Compañía Caicedo de Argentina.  Se escenificó en el Teatro Julia de Burgos.'),(239,2,17,204,'El lado oscuro del espejo',1993,'FESTELAT.  Compañía Palco de Puerto Rico.  Se escenificó en el Teatro Tapia'),(240,2,17,205,'La tigresa',1993,'FESTELAT.  Compañía Manel Barceló de España.  Se escenificó en el Teatro de la Universidad de Puerto Rico.'),(241,2,17,206,'Aeroplanos',1993,'FESTELAT.  Compañía Teatro Circular de Montevideo.  Se escenificó en el Teatro Julia de Burgos.'),(242,2,17,207,'El grito pelado',1993,'FESTELAT.  Departamento de Drama de la Universidad de Puerto Rico, Recinto de Río Piedras.'),(243,2,17,208,'Mucho sueño',1993,'FESTELAT.  Ulen Spiegel Teatro de España.  Se escenificó en el Teatro de la Universidad de Puerto Rico.'),(244,2,17,209,'Vahos',1993,'FESTELAT.  Grupo Disquis Tiqui de Costa Rica.  Se escenificó en el Teatro Tapia.'),(245,2,17,210,'Dinámica del infierno',1993,'FESTELAT.  Grupo Ceiba de Puerto Rico.  Se escenificó en el Teatro Julia de Burgos. '),(246,2,17,211,'El Gran Circo de los Hermanos Pimpoyos',1993,'FESTELAT.  Compañía Yerbabruja de Puerto Rico.  Se escenificó al aire libre en la Plaza de Río Piedras.'),(247,2,17,212,'El hombre nuevo',1993,'FESTELAT.  Grupo Areté de Puerto Rico.  Se escenificó en el Teatro de la Universidad de Puerto Rico.'),(248,2,17,213,'Alevántate Agapito',1993,'FESTELAT. Grupo Flor de Cahíllo de Puerto Rico.  Se escenificó en el Teatro Tapia.'),(249,2,17,214,'El olor del popcorn',1993,'FESTELAT.  Grupo Roble Escénico de Puerto Rico.  Se escenificó en el Teatro Julia de Burgos.'),(250,2,17,215,'Santa Plata',1993,'FESTELAT.  Compañía Teatrela de Venezuela.  Se escenificó en el Teatro de la Universidad de Puerto Rico y en el Teatro Yagüez de Mayagüez.'),(251,2,17,216,'Emily',1993,'FESTELAT.  Compañía María Castillo de República Dominicana.  Se escenificó en el Teatro Tapia y en la Universidad de Puerto Rico en Humacao'),(252,2,17,217,'Espectros en la lengua del corazón',1993,'FESTELAT.  Compañía Teatro Pobre de América de Puerto Rico.  Se escenificó al aire libre frente a La Torre de la Universidad de Puerto Rico.'),(253,2,17,218,'Zorzuela indígena',1993,'FESTELAT. Compañía Cimarrón de Puerto Rico.  Se escenificó en el Teatro Tapia.  Se cierra el Festival.'),(254,2,18,219,'Los miserables',1994,'Adaptación al teatro por Tim Kelly'),(255,2,18,220,'El anzuelo de Fenisia',1994,'Coproducción con el Aula del Teatro Universitario de Murcia cuyos actores visitantes interpretan la obra'),(256,2,18,221,'Absurdos en soledad',1994,'Laboratorio del curso de Teatro Experimental que imparte la Porf. Rosa Luisa Márquez.'),(257,2,18,222,'Área de fumar',1994,'Serie de Teatro de Cámara con el coauspicio de la Oficina de Actividades Culturales y Taller de Teatro Experimental.'),(258,2,18,223,'Balseando con Edelmira',1994,'Serie de Teatro de Cámara con el coauspicio de la Oficina de Actividades Culturales y Taller de Teatro Experimental.'),(259,2,18,224,'Kacha y Deveyani',1994,'Serie de Teatro de Cámara con el coauspicio de la Oficina de Actividades Culturales y Taller de Teatro Experimental.'),(260,2,18,225,'La casa de Bernarda Alba',1995,'José Luis Ramos Escobar renuncia y regresa a su cátedra en el Departamento de Drama. Idalia Pérez Garay lo sustituye como Directora del Departamento de Drama.  Se lleva a cabo en el vestíbulo del Teatro de la Universidad la exposición : Presencia de Federico García Lorca en Puerto Rico organizada por Victoria Espinosa y Juan Antonio Rodríguez Pagán.  Se distribuye una Guía de Maestros al público de estudiantes de Escuela Superior con información sobre el Departamento de Drama, una Introducción al texto por Victoria Espinosa titulado Divagaciones en torno a La casa de Bernarda Alba y una Guía de Estudios y Proyectos para la discusión de la obra y un Glosario.'),(261,2,18,226,'Pedro Rojo',1995,'Producción particular con el coauspicio del Departamento de Drama y la Asociación de Exalumnos de la Universidad.  Adaptación de Teófilo Torres para monólogo Informe para la Academia de Frank Kafka.'),(262,2,18,227,'Un mínimo y un múcaro',1995,'Con el coauspicio del Departamento de Drama y la Oficina de Actividades Culturales de la Universidad de Puerto Rico.  Premios Mejor Producción y Mejor Iluminación otorgados por el Círculo de Críticos de Teatro de Puerto Rico'),(263,2,18,228,'Obituario',1995,'Ciclo de Lectura Dramatizadas coauspiciadas por el Departamento de Drama, Actividades Culturales y CELCIT (Centro Latinoamericano de Creación e Investigación Teatral) en su 20mo Aniversario'),(264,2,18,229,'Encuentro en el parque peligroso',1995,'Ciclo de Lectura Dramatizadas coauspiciadas por el Departamento de Drama, Actividades Culturales y CELCIT (Centro Latinoamericano de Creación e Investigación Teatral) en su 20mo Aniversario'),(265,2,18,230,'Muera el recuerdo',1995,'Ciclo de Lectura Dramatizadas coauspiciadas por el Departamento de Drama, Actividades Culturales y CELCIT (Centro Latinoamericano de Creación e Investigación Teatral) en su 20mo Aniversario'),(266,2,18,231,'Infieles',1995,'Ciclo de Lectura Dramatizadas coauspiciadas por el Departamento de Drama, Actividades Culturales y CELCIT (Centro Latinoamericano de Creación e Investigación Teatral) en su 20mo Aniversario'),(267,2,18,232,'Breakfast (Café con leche y mantequilla)',1995,'Lectura dramatizada de este obra del cineasta y teatrista cubano de paso por Puerto Rico'),(268,2,18,233,'Lorca que te quiero Lorca : Escenas de : Bodas de Sangre, Yerma, Doña Rosita la soltera',1995,'Realizado frente al Teatro de la Universidad de Puerto Rico en conmemoración de los sesenta años de la muerte de Federico García Lorca y a los cincuenta años de la inauguración del Teatro Rodante Universitario.'),(269,2,18,233,'Lorca que te quiero Lorca : Escenas de :  El público, El retablillo de San Cristóbal (obra completa)',1995,'Realizado frente al Teatro de la Universidad de Puerto Rico en conmemoración de los sesenta años de la muerte de Federico García Lorca y a los cincuenta años de la inauguración del Teatro Rodante Universitario.'),(270,2,18,234,'Tres hermanas',1996,'Adaptada por José Luis Ramos Escobar al ambiente de Puerto Rico a fines del siglo XIX con motivo de la Guerra Hispanoamericana.  Se monta en el Teatro Experimental Julia de Burgos.'),(271,2,18,235,'El burlador de Sevilla',1997,'Montada en el Teatro de la Universidad de Puerto Rico por primera vez en Puerto Rico con motivo de la campaña pro fondos para construir un carromato para el Teatro Rodante Universitario.  Se lleva a cabo una exposición conmemorando los cincuenta (50) años de este Teatro en el vestíbulo del Teatro de la Universidad preparada por Victoria Espinosa y Ramonita Toro con la colaboración de Lionel Ortiz Meléndez del Museo de Historia, Antropología y Arte de la UPR.  Sobre el foso de la orquesta se realiza un desfile de : la moda teatral a través del tiempo.'),(272,2,18,236,'La casa de Bernarda Alba',1997,'Reposición en adelanto al Centenario del nacimiento de Federico García Lorca.  Se repone la exposición celebrando los ciencienta años del Teatro Rodante'),(273,2,19,237,'Los bajos fondos',1997,'Centenario del Teatro de Arte de Moscú bajo la tutela de Constantin Stanislavski'),(274,2,19,238,'OBRAS PARA CONTAR:  Las sombras desenchufan',1998,'OBRAS PARA CONTAR ; Ciclo de lecturas dramatizadas del curso de Dramaturgia del Prof. José Luis Ramos Escobar'),(275,2,19,238,'OBRAS PARA CONTAR:  Sebastían',1998,'OBRAS PARA CONTAR ; Ciclo de lecturas dramatizadas del curso de Dramaturgia del Prof. José Luis Ramos Escobar'),(276,2,19,238,'OBRAS PARA CONTAR: Un grupo de retos peligrosos, cap.7',1998,'OBRAS PARA CONTAR ; Ciclo de lecturas dramatizadas del curso de Dramaturgia del Prof. José Luis Ramos Escobar'),(277,2,19,238,'OBRAS PARA CONTAR:  Sombra parejera',1998,'OBRAS PARA CONTAR ; Ciclo de lecturas dramatizadas del curso de Dramaturgia del Prof. José Luis Ramos Escobar'),(278,2,19,238,'OBRAS PARA CONTAR: Momen',1998,'OBRAS PARA CONTAR ; Ciclo de lecturas dramatizadas del curso de Dramaturgia del Prof. José Luis Ramos Escobar'),(279,2,19,239,'Fuenteovejuna',1998,'Aportación al XXXV Festival de Teatro Internacional del Instituto de Cultura Puertorriqueña dedicado a Dean Zayas.  Debido a su creciente deterioro, el Teatro de la UPR cierra sus puertas para su eventual restauración.  '),(280,2,19,240,'UNIVERSITAT ENSEMBLE presenta : Pequeña Serenata a la Brecht, escenas de : MADRE CORAJE Y SUS HIJOS - EL ALMA BUENA DE SE CHUAN - PIEZA DIDACTICA DE BADEN BADEN - UN HOMBRE ES UN HOMBRE - LA MUJER JUDIA',1999,'Creación Colectiva del curso de Teatro Experimental que imparte la Prof. Rosa Luisa Márquez con motivo del centenario del nacimiento de Bertolt Brecht.  El montaje se hace al aire libre en la Glorieta Santiago Veve.'),(281,2,19,241,'Antígona',1999,''),(282,2,19,242,'Bohemia, 18 Altos',1999,'Previaje a la Tercera Bienal Internacional de Teatro Universitario en Valencia, Murcia y Alicante, España del 18 al 23 de noviembre de 1999'),(283,2,19,243,'Asdrahür',1999,'Teatro de Cámara'),(284,2,19,244,'Hanjo',1999,'Teatro de Cámara'),(285,2,19,245,'Noche de reyes',2001,'Al aire libre en la Glorieta Santiago Veve. Adhesión al XXXVIII Festival de Teatro Internacional del Instituto de Cultura Puertorriqueña'),(286,2,19,246,'Antígona',2001,'Co-producción con el Aula del Teatro Universitario de la Universidad de Murcia, España, con motivo del Centenario del nacimiento de Pedro Salinas.  La obra es interpretada por los actores españoles visitantes de esa Aula, acompañados por algunos estudiantes del Departamento de Drama'),(287,2,19,247,'Keely D.',2001,''),(288,2,19,248,'Fortinbras',2001,'Se representó en el Teatro Julia de Burgos'),(289,2,19,249,'Seis personajes en busca de un autor',2001,'Se representó en el Teatro Julia de Burgos'),(290,2,19,250,'Gení y el Zepelín',2002,'Colaboración del Departamento de Drama y la Oficina de Actividades Culturales de la Universidad de Puerto Rico con el Teatro Pregones de Nueva York.  El montaje se llevó a cabo en el Teatro Julia de Burgos.'),(291,2,19,251,'Teatro Deportivo',2003,''),(292,2,19,252,'Romeo y Julieta',2003,'Se realiza en la Glorieta Santiago Veve, en el Teatro Julia de Burgos y en el Jardín Botánico.  Antonio Martorell y Gilda Navarra colaboraron con la directora en el montaje de la obra.'),(293,2,19,253,'Antígona para siempre',2003,'Experimento escénico del curso Estilos de Actuación impartido por la Prof. Idalia Pérez Garay y basado en las Antígonas de Griselda Gambaro, Bertolt Brecht, Jean Anouilh, Jean Cocteau y Janys Glowocki.  José (Chenan) Martínez estuvo a cargo de la composición, arreglos y grabación de la música.  Las funciones se realizaron a beneficio de la Asociación de Estudiantes del Departamento de Drama en el Teatro Julia de Burgos'),(294,2,19,254,'La vuelta al hogar',2004,'El montaje se realizó en el Teatro Julia de Burgos.  Adhesión al 45to Festival de Teatro Puertorriqueño del Instituto de Cultura Puertorriqueña'),(295,2,19,255,'La tempestad',2005,'Se realiza al aire libre en la Glorieta Santiago Veve'),(296,2,19,256,'Cuentos, cuentos y más cuentos',2005,'Se adaptó al Teatro Rodante Universitario y salió fuera del campus'),(297,2,19,257,'Las troyanas',2005,'Se montó en el Teatro Julia de Burgos'),(298,2,19,258,'Divinas palabras',2006,'Se montó en el Teatro Julia de Burgos'),(299,2,19,259,'Fuenteovejuna',2006,'Encuentro Universitario de Teatro del Siglo de Oro.  Se montó en el Teatro Julia de Burgos'),(300,2,20,260,'Canción de Navidad',2006,'Primera obra que monta el Departamento de Drama en el Teatro de la UPR luego de la reapertura el 18 de septiembre de 2006'),(301,2,21,261,'Obras dramáticas inéditas de Manuel Zeno Gandía (El demonio son los celos o Un matrimonio a oscuras ; Entre  diez y doce)',2007,'En Co-producción con Teatro Uno.  Estreno mundial el 1 de febrero de 2007 en la Sala Carlos Marichal del Centro de Bellas Artes Luis A. Ferré.'),(302,2,22,262,'Platero y Yo',2007,'Homenaje a Juan Ramón Jiménez en la Semana de la Lengua'),(303,2,23,263,'La Orestiada',2007,'En el Teatro UPR 30 octubre-4 noviembre 2007'),(304,2,24,264,'Haiku',2008,'En el Teatrito: 26 febrero al 3 de marzo 2008 (26 y 28 de febrero) ; 1, 2 y 3 marzo conjunto con Darwin'),(305,2,24,265,'Darwin y el canto de los canarios ciegos',2008,'En el Teatrito: 26 febrero al 3 de marzo 2008 (27 y 29 febrero ; 1, 2 y 3 de marzo conjunto con Haiku)'),(306,2,24,266,'Marisol',2008,'En el Teatro Julia de Burgos como parte del curso \"Producción Teatral Bilingüe\" TEAT 4058 conjunto con el Departamento de Inglés del 1-6 abril 2008.'),(307,2,25,267,'Nuestra Natacha',2008,'En el Teatro Julia de Burgos del 29 de abril al 6 de mayo de 2008.'),(308,2,26,268,'Donde el viento hace buñuelos : una obra de holas y adioses',2008,'En el Teatrito UPR como parte de la Temporada de teatro en el Teatrito -6 de junio de 2008'),(309,2,26,269,'La casa de Bernarda Alba',2008,'Teatro Julia de Burgos.  Trilogía de Lorca. 12-22 noviembre 2008'),(310,2,27,270,'Juegos Prohibidos',2009,'Teatro UPR Del 17-23 febrero 2009.  Producción del Departamento de Drama en colaboración con el Teatro UPR y el Decanato de Humanidades'),(311,2,28,271,'Ñaque',2009,'Teatro Julia de Burgos, 30 septiembre-2 octubre 2009 ; Con las actuaciones de los estudiantes del Teatro Rodante Universitario del Dept. Drama:  Milton Cordero y Heriberto Feliciano'),(312,2,29,272,'Los silencios de la historia',2009,'Teatro UPR Del 28 de noviembre-1 diciembre 2009.  Producción del Departamento de Drama en colaboración con el Teatro UPR con el auspicio del Instituto de Cultura Puertorriqueña y la Oficina del Presidente de la Universidad de Puerto Rico. '),(313,2,30,273,'La dama del mar',2010,'Teatro Julia de Burgos, 6-11 abril 2010.'),(314,2,31,274,'El hombre almohada',2010,'Teatrito UPR, 31 agosto-5 septiembre 2010'),(315,2,32,275,'Arena, Fuego, Fango/Sand, Fire, Mud',2010,'Teatrito UPR, 28-31 octubre 2010. Curso de teatro bilingüe dictado por la Prof. Rosalina Perales y el Prof. Christopher Olsen. Curso entre el Departamento de Drama e Inglés. Funciones en español e inglés.'),(316,2,33,276,'La muerta viva',2010,'Glorita Santiago Veve, 2-5 noviembre 2010; Teatro Julia de Burgos, 28abril-1 mayo 2011 ; Coreografía de Maritza Martínez ; Máscaras de Wendy Gough. Curso TEAT 4141-42 (Commedia dell\'Arte I y II) de la Prof. Rosabel Otón)'),(317,2,34,277,'Viudas',2010,'9-16 noviembre 2010, Teatro Julia de Burgos.'),(318,2,35,278,'Jacobo o la sumisión',2011,'11-13 marzo 2011, Teatrito UPR'),(319,2,36,279,'El desmonte',2011,'5-10 abril de 2011 como parte del 52 Festival de Teatro Puertorriqueño del Instituto de Cultura Puertorriqueña, Teatro Julia de Burgos.'),(320,2,37,280,'A vuestro gusto',2011,'10-15 mayo 2011 en la Glorieta Santiago Veve'),(321,2,38,281,'El balcón',2011,'6-11 diciembre 2011, Curso de Teatro Experimental'),(322,2,39,282,'Los cómicos del arte',2012,'27-31 de marzo de 2012, Teatrito UPR, Curso de Commedia Dell\'Arte de la Prof. Rosabel Otón ; coreografía de Maritza Martínez'),(323,2,40,283,'Machinal',2012,'27 noviembre al 1 de diciembre 2012, Teatrito UPR; Curso de Producción teatral bilingüe y los Departamento de Drama e Inglés y el Programa Graduado de Traducción. Funciones en español e inglés.'),(324,2,41,284,'Macbeth',2012,'6-13 de diciembre de 2013, Teatro Julia de Burgos.  Con la coreografía de Viveca Vázquez.  Los cursos de Teatro Experimental y Danza Contemporánea para Actores de los profesores Carmelo Santiago mojica y Viveca Vázquez respectivamente.'),(325,2,42,285,'Días importantes',2013,'30 abril-5 mayo 2013 en el Teatro Julia de Burgos'),(326,2,43,286,'Los justos',2013,'7-24 noviembre 2013, Teatro Julia de Burgos, en conmemoración de los 100 años del natalicio de Albert Camus'),(327,2,44,287,'Stop Kiss',2014,'4-9 de marzo de 2014 en el Teatrito UPR'),(328,2,45,288,'Las fenicias',2014,'18-23 de marzo 2014 en el Anfiteatro de Plaza Universitaria.  Ciclo histórico de montajes teatrales del Departamento de Drama.'),(329,2,46,289,'La bicicleta de Tiresias',2014,'Se presentó como antesala a las producciones del Departamento de Drama:  Platero y Yo (23 de marzo de 2014 en la Plaza Baldorioty frente a La Torre en la tarde); Las fenicias (23 de marzo de 2014, Anfiteatro Plaza Universitaria en la noche; Las brujas de Salem (5, 6, 9 y 10 mayo 2014 - frente a la entrada del Teatro Julia de Burgos y en el pasillo del 1er piso del edificio Luis Palés Matos). '),(330,2,47,290,'Morir',2014,'Versión Libre. Producto de la clase TEAT 3012 (Actuación II) del Prof. Heriberto Feliciano Rodríguez en el 2do semestre del año académico 2013-14, 14-17 mayo 2014 en el Teatrito UPR.'),(331,2,48,291,'Los menecmos',2014,'9-19 octubre 2014 en la Glorieta Santiago Veve. Se suspendieron las funciones del lunes 13 y martes 14 de octubre por el aviso de la tormenta tropical Gonzalo a Puerto Rico. Ciclo histórico de montajes teatrales del Departamento de Drama. '),(332,2,49,292,'Tragicomedia de Calisto, Melibea… ¡¿otros más?!',2014,'13-23 noviembre 2014 - Teatro Julia de Burgos'),(333,2,50,292,'Unmerciful Good Fortune/Despiadada fortuna',2015,'22-26 abril 2015 en el Teatro Victoria Espinosa -Curso Teatro Bilingüe'),(334,2,51,293,'Terror y miserias del tercer milenio',2015,'27 de agosto - 13 de septiembre 2015 en el escenario del Teatro UPR.'),(335,2,52,294,'No hay tregua',2015,'29 de septiembre - 4 de octubre 2015 en la Glorieta Santiago Veve.'),(336,2,53,295,'Pluma y la tempestad',2015,'12-18 de noviembre 2015 en el Teatro Julia de Burgos como parte del curso de Actividades Dramáticas.  Se añadieron más funciones.'),(337,2,54,296,'Ofel',2016,'26 de abril-4 de mayo 2016 en el Teatro Julia de Burgos.  Esta obra fue parte del curso de Teatro Experimental '),(338,2,55,297,'Junta de commedia: canovachos de comedia del arte',2016,'8-11 septiembre 2016, Teatrito UPR.  2 de noviembre de 2016, Teatro América'),(339,3,1,1,'Sancho Panza en la Insula Barataria  ',1946,'Primer Taller de Teatro de Verano. Leopoldo Santiago Lavandero y Rafael Cruz Emeric inauguraron el Teatro Rodante Universitario frente a La Torre de la UPR con las obras SANCHO PANZA EN LA INSULA BARATARIA de Alejandro Casona y DECLARACION AMOROSA de Anton Chejov.  Se inauguró también el Teatro Infantil Universitario (luego Comedieta Universitaria) en la Escuela Modelo de la UPR con el apoyo de Leopoldo Santiago Lavandero; con la dirección de María Judith Franco.'),(340,3,2,2,'Declaración Amorosa',1946,'Primer Taller de Teatro de Verano. Leopoldo Santiago Lavandero y Rafael Cruz Emeric inauguraron el Teatro Rodante Universitario frente a La Torre de la UPR con las obras SANCHO PANZA EN LA INSULA BARATARIA de Alejandro Casona y DECLARACION AMOROSA de Anton Chejov.  Se inauguró también el Teatro Infantil Universitario (luego Comedieta Universitaria) en la Escuela Modelo de la UPR con el apoyo de Leopoldo Santiago Lavandero; con la dirección de María Judith Franco.'),(341,3,3,3,'La zapatera prodigiosa',1948,''),(342,3,3,4,'El paso de la carátula',1949,' Segundo Taller de Teatro de Verano'),(343,3,3,5,'El paso de las aceitunas ',1949,' Segundo Taller de Teatro de Verano'),(344,3,3,6,'El hospital de los podridos',1949,' Segundo Taller de Teatro de Verano'),(345,3,3,7,'La zapatera prodigiosa',1950,'Director español, amigo de Federico García Lorca y quien dirigiera en España algunas de las obras del poeta, exiliado en Puerto Rico, formó parte de la Facultad de Estudios Hispánicos y del Departamento de Drama.'),(346,3,3,8,'El mancebo que casó con mujer brava          El paso de las aceitunas',1951,'Rivas Cheriff fue invitado a formar parte de la facultad del Colegio de Agricultura y Artes Mecánicas de Mayagüez, con la encomienda de realizar en el Área Oeste con estudiantes del Colegio, representaciones del Teatro Rodante Universitario'),(347,3,3,9,'El mancebo que casó con mujer brava          El paso de las aceitunas',1951,'Rivas Cheriff fue invitado a formar parte de la facultad del Colegio de Agricultura y Artes Mecánicas de Mayagüez, con la encomienda de realizar en el Área Oeste con estudiantes del Colegio, representaciones del Teatro Rodante Universitario'),(348,3,3,10,'El viejo celoso',1951,''),(349,3,3,11,'La farsa de Maese Patelin',1952,'La escenografía fue realizada en forma de \"periaktus\" griego.'),(350,3,3,12,'El médico a palos',1953,'Con esta obra el Teatro Infantil Universitario pasó a llamarse Comedieta Universitaria. Fue montada en el Teatro de la Universidad de Puerto Rico y luego fue adaptada al Teatro Rodante Universitario.'),(351,3,3,13,'El enfermo imaginario',1954,''),(352,3,3,14,'La farsa de la tinaja',1954,'Taller de Verano'),(353,3,3,15,'La fablilla del secreto bien guardado',1954,'Taller de Verano'),(354,3,3,16,'El titiritero',1955,'Taller de Verano.  Esta obra después de representarse frente a La Torre de la Universidad no rodó fuera del campus universitario.'),(355,3,3,17,'Los títeres de cachiporra',1956,'La presenta la Comedieta Universitaria en el Teatro de la Universidad de Puerto Rico del 21 al 25 de mayo de 1956.  Luego fue adaptada al Teatro Rodante Universitario.'),(356,3,3,18,'Los enamorados',1957,''),(357,3,3,19,'La zapatera prodigiosa',1958,''),(358,3,3,20,'Don Gil de las calzas verdes',1959,'Taller de Verano'),(359,3,3,21,'Un jíbaro y una jíbara',1960,'Contribución al III Festival de Teatro Puertorriqueño del Instituto de Cultura Puertorriqueña.'),(360,3,3,22,'Los títeres de cachiporra',1961,'Se presentó frente a La Torre de la Universidad de Puerto Rico con motivo del XXV aniversario de la muerte de Federico García Lorca y el XV aniversario del Teatro Rodante Universitario.  Luego rodó por toda la Isla alternándose durante tres años con La zapatera prodigiosa.'),(361,3,3,23,'La zapatera prodigiosa',1962,'Se presentó frente a La Torre de la Universidad de Puerto Rico con motivo del XXV aniversario de la muerte de Federico García Lorca y el XV aniversario del Teatro Rodante Universitario.  Luego rodó por toda la Isla alternándose durante tres años con Los títeres de cachiporra.'),(362,3,3,24,'Los justos',1962,'Viaje a la República Dominicana por invitación de la Secretaría de Educación, Bellas Artes y Cultura.'),(363,3,3,25,'A puerta cerrada',1962,'Viaje a la República Dominicana por invitación de la Secretaría de Educación, Bellas Artes y Cultura.'),(364,3,3,26,'El otro',1962,'Viaje a la República Dominicana por invitación de la Secretaría de Educación, Bellas Artes y Cultura.'),(365,3,3,27,'La Celestina',1962,'Viaje a la República Dominicana por invitación de la Secretaría de Educación, Bellas Artes y Cultura.'),(366,3,4,28,'El mancebo que casó con mujer brava          ',1963,''),(367,3,4,29,'Los habladores',1963,''),(368,3,4,30,'La cueva de Salamanca',1963,''),(369,3,4,31,'El señor Pigmalión',1965,''),(370,3,4,32,'El hombre que se casó con mujer muda',1966,''),(371,3,4,33,'La posadera',1967,''),(372,3,4,34,'La zapatera prodigiosa',1968,''),(373,3,4,35,'La farsa de Maese Patelín',1969,''),(374,3,4,36,'Los melindres de Belisa',1970,''),(375,3,4,37,'A vuestro gusto',1971,''),(376,3,4,38,'La guarda cuidadosa',1972,'Últimas obras representadas en el Tablado del Teatro Rodante Universitario, ya que éste al estar a la intemperie, fue destruido por las inclemencias del tiempo.  A partir de entonces, las representaciones bajo ese nombre, se llevaron a diferentes lugares, pero ya no en aquel carromato que se transformaba en un tablado delante del público.  '),(377,3,4,39,'La cueva de Salamanca',1972,'Últimas obras representadas en el Tablado del Teatro Rodante Universitario, ya que éste al estar a la intemperie, fue destruido por las inclemencias del tiempo.  A partir de entonces, las representaciones bajo ese nombre, se llevaron a diferentes lugares, pero ya no en aquel carromato que se transformaba en un tablado delante del público.  Estas representaciones fueron el Laboratorio del curso de Teatro Rodante creado por Dean Zayas en 1984, con exención de matrícula para los estudiantes que se matriculen en él.'),(378,3,4,40,'La fablilla del secreto bien guardado',1972,'Últimas obras representadas en el Tablado del Teatro Rodante Universitario, ya que éste al estar a la interperie, fue destruido por las inclemencias del tiempo.  A partir de entonces, las representaciones bajo ese nombre, se llevaron a diferentes lugares, pero ya no en aquel carromato que se transformaba en un tablado delante del público.  Estas representaciones fueron el Laboratorio del curso de Teatro Rodante creado por Dean Zayas en 1984, con exención de matrícula para los estudiantes que se matriculen en él.'),(379,3,4,41,'Los melindres de Belisa',1976,'Participación en el Primer Festival de Teatro del Siglo de Oro Español del \"Chamizal Memorial Park\" de El Paso, Texas en el Bicentenario de Estados Unidos.  Se coparon los premios más importantes como \"Mejor Producción\", \"Mejor Director\" -Dean Zayas, \"Mejor Actriz\" -Georgina Borri, \"Mejor Actor\" -Luis A. Gathier, \"Mejores Actores Secundarios\", -Ricardo Molina y Kim Johna, \"Mejor Actriz Secundaria\" -Magda González, \"Mención Honorífica\" -María Eugenia Mercado. Aunque la agrupación siempre ha ido bajo el nombre de Departamento de Drama se coloca la ficha y el material bajo Teatro Rodante Universitario y así se hará con las subsiguientes participaciones en estos festivales.'),(380,3,4,42,'La Celestina',1978,''),(381,3,4,43,'Don Gil de las calzas verdes',1979,'Participación en el IV Festival del Teatro del Siglo de Oro Español del Chamizal Memorial Park de El Paso, Texas. Premios : \"Mejor Producción\", \"Mejor Director\" -Dean Zayas, \"Mejor Vestuario\" -Gloria Sáez, \"Mejor Actriz Principal\" -Cordelia González, \"Mejor Actor de Reparto\" -Carmelo Santana Mojica.  Viaje a la República Dominicana por invitación del Centro de Cultura de Santiago.'),(382,3,4,44,'Casa con dos puertas mala es de guardar',1981,'VI Festival de Teatro del Siglo de Oro Español de Chamizal Memorial Park, El Paso Texas.  Premios : \"Mejor Producción\", \"Mejor Dirección\", -Dean Zayas, \"Mejor Actriz\" -Glorivee Viera, \"Segunda Actriz\", Mary Jo Collazo, \"Premio Especial\" -Encarnita Figueroa y Música de Luis E. Juliá.  Para este festival se sacó la obra de la competencia de universidades y la colocan como compañía profesional.  Aún así se obtuvieron varios premios.'),(383,3,4,45,'La moza de cántaro',1982,''),(384,3,4,46,'La leyenda del cemí',1983,''),(385,3,4,47,'El retablo de las maravillas y otras maravillas de Cervantes',1983,''),(386,3,4,48,'Los habladores',1984,''),(387,3,4,49,'La cueva de Salamanca',1984,''),(388,3,5,50,'Habladme en entrando',1984,'Con esta obra se inició el curso TEAT 4081-4082 (Teatro Rodante I y II) creado por Dean Zayas.  Aunque ya no existía el carromato-tablado, lo que se escenificó de ahí en adelante, se movió en forma itinerante convencional.  Los estudiantes matriculados en este curso disfrutan de exención de matrícula.   IX Festival del Siglo de Oro Español de \"Chamizal Memorial Park\" en El Paso, Texas. Premios : \"Mejor Actriz\" -Glorivee Viera, \"Música\" -Gil René, \"Mejor Director\" -Dean Zayas, \"Mejor Vestuario\" -Gloria Sáez, \"Mejor Escenografía\" -José Checo Cuevas, \"Mejor Utilería\" -Gilberto Rodríguez, \"Mejor Producción\" -Juan Carlos Norman.  VI Festival de Teatro Clásico Español del Corral de Almagro, España.'),(389,3,5,51,'La noche de San Juan',1985,'Inauguración de este teatro con el nombre de Julia de Burgos como teatro arena.'),(390,3,5,52,'Bodas de sangre',1986,'Conmemoración de los 50 años de la muerte de Federico García Lorca y los 40 años del Teatro Rodante Universitario. Se representó en la Sala Experimental Carlos Marichal del Centro de Bellas Artes Luis A. Ferré de Santurce. '),(391,3,5,53,'Por el sótano y el torno',1986,'XI Festival de Teatro del Siglo de Oro Español del Chamizal Memorial Park de El Paso, Texas.  Premios : \"Mejor Actriz\" -Carola García y Lynette Torres (Mención Honorífica), \"Mejor Vestuario\" -Gloria Sáez.'),(392,3,5,54,'Trilogía de obras costumbristas : El carbón que ha sido una brasa',1987,'Tres piezas de teatro costumbrista puertorriqueño que habían sido olvidadas durante cien años y fueron descubiertas por la Prof. Elba Arrillaga de la Torre.'),(393,3,5,55,'Trilogía de obras costumbristas : Flor de una noche',1987,'Tres piezas de teatro costumbrista puertorriqueño que habían sido olvidadas durante cien años y fueron descubiertas por la Prof. Elba Arrillaga de la Torre.'),(394,3,5,56,'Trilogía de obras costumbristas :  Me saqué la lotería',1987,'Tres piezas de teatro costumbrista puertorriqueño que habían sido olvidadas durante cien años y fueron descubiertas por la Prof. Elba Arrillaga de la Torre.'),(395,3,5,57,'El retablo de las maravillas ',1987,'Presentada durante la celebración de la Fiesta de la Lengua del Departamento de Estudios Hispánicos de la Universidad de Puerto Rico con motivo de los cien años de la publicación de Fortunata y Jacinta de Benito Pérez Galdós.'),(396,3,5,58,'El viejo celoso',1987,'Presentada durante la celebración de la Fiesta de la Lengua del Departamento de Estudios Hispánicos de la Universidad de Puerto Rico con motivo de los cien años de la publicación de Fortunata y Jacinta de Benito Pérez Galdós.'),(397,3,5,59,'Los habladores',1987,'Presentada durante la celebración de la Fiesta de la Lengua del Departamento de Estudios Hispánicos de la Universidad de Puerto Rico con motivo de los cien años de la publicación de Fortunata y Jacinta de Benito Pérez Galdós.'),(398,3,5,60,'Alesio',1988,'Producción conjunta en entre el Departamento de Drama de la Universidad de Puerto Rico, el Instituto Nacional de las Artes Escénicas y de Música (CINEAM) del Ministerio de Cultura de España y el Centro Latinoamericano de Creación e Investigación Teatral (CELCIT).  Esta obra no rodó fuera del campus.'),(399,3,5,61,'Peribáñez',1989,'XIII Festival de Teatro del Siglo de Oro Español del Chamizal Memorial Park de El Paso, texas.  Premios : \"Mejor Actriz\" -Sol Miranda, \"Mejor Actor\" -José Caro, \"Mejor Actor de Reparto\" -Jaime Navarro'),(400,3,5,62,'¿Qué siento volando?',1989,'Adaptación de Ana Lydia Vega de la obra CONFERENCIA DE LOS PAJAROS de Jean Claude Carrière.  Se realizó con un coauspicio entre el Teatro Rodante Universitario y los Teatrero de Cayey (este grupo fue organizado por Rosa Luisa Márquez en el Recinto Universitario de Cayey).'),(401,3,5,63,'La farsa de Maese Patelin',1989,'Esta obra fue nominada como mejor producción de 1989 por el CCTPR (Círculo de Críticos de Teatro de Puerto Rico).  Participación del teatro Rodante Universitario en el 1er  FESTELAT \'90 (Festival de Teatro Latinoamericano celebrado en Puerto Rico)'),(402,3,5,64,'Jacobo o la sumisión',1990,'Se presentó en el Teatro Julia de Burgos y no rodó fuera del campus.'),(403,3,6,65,'El balcón',1991,'Se presentó en el Teatro Julia de Burgos y no rodó fuera del campus.'),(404,3,6,66,'No hay burlas con el amor',1991,'Se presentó en el Teatro Julia de Burgos y no rodó fuera del campus.'),(405,3,6,67,'La posadera',1991,'Programa de Intercambio Cultural con el Aula de Teatro de la Universidad de Murcia, España.  Dean Zayas montó allí esta obra con los alumnos del Departamento de Drama de la Universidad de Puerto Rico.'),(406,3,6,68,'Valor y sacrificio',1992,'Centenario de Pedro Albizu Campos.  Se estrenó en el Teatro de la Universidad de Puerto Rico y no rodó fuera del campus.'),(407,3,6,69,'A grito pelado',1993,'Formó parte del 1er Festival de Teatro Latinoamericano (FESTELAT) de Río Piedras, Puerto Rico coauspiciado por la Oficina de Actividades Culturales del Decanato de Estudiantes y el Departamento de Drama.'),(408,3,6,70,'Me saqué la lotería y Cosas del día',1993,'Por arreglo con la Oficina de Actividades Culturales del Municipio de San Juan se presentó por varios puntos del Área Metropolitana.'),(409,3,6,71,'Me saqué la lotería y Cosas del día',1993,'Por arreglo con la Oficina de Actividades Culturales del Municipio de San Juan se presentó por varios puntos del Área Metropolitana.'),(410,3,6,72,'Bodas de sangre',1993,'Programa de Intercambio Cultural con el Aula de Teatro de la Universidad de Murcia, España.  Dean Zayas montó allí esta obra con los alumnos del Departamento de Drama de la Universidad de Puerto Rico.'),(411,3,6,73,'Incidente en Vichy',1993,'Esta obra se montó en el Teatro Julia de Burgos, no rodó fuera del campus.'),(412,3,6,74,'El olor del popcorn',1993,'Después de varias representaciones como grupo independiente con el nombre de Teatro Experimental El Roble Escénico, la obra ha representado al Departamento de Drama en la actividad anual que el College Board de Puerto Rico ofrece a los alumnos del Primer Año.  La obra se representó también en el exterior en: 1993 - IX Festival Internacional de Teatro Hispano en Miami - 1993 - V Jornada de Teatro en el VII Festival Nacional de Teatro, Caracas, Venezuela. En el 1994 participó en el Festival Internacional de las Artes en Costa Rica y en el Festival de Aguines en Islas Canarias. En el 1995 participó en la X Muestra de Teatro Universitario en Puebla, México. XX Festival Internacional de Teatro Oriente en Isla Margarita ebn Venezual y en la I Bienal Internacional de Teatro Universitario en Murcia, España.  Participó en 1996,  en el Simposio de Teatro Iberoamericano de la Universidad Católica de América, Washington, D.C.  Así también en el II Ciclo de Teatro Universitario de Santiago de Compostela, Galicia, España y en el XIX Festival Internacional de Teatro (FITEI) Oporto, Portugal.'),(413,3,6,75,'La sonata de los fantasmas',1994,'Esta obra no salió fuera del campus'),(414,3,6,76,'La villana de la sagra',1994,'Participó en el XX Festival de Teatro del Siglo de Oro Español en el Chamizal Memorial Park en El Paso, Texas.  No hubo premios porque Myrna Casas, juez del Festival en el año anterior sugirió que se eliminaran las premiaciones y el carácter competitivo del Festival y fue aceptada su sugerencia.  Se presentó en el  Teatro Julia de Burgos del 25-30 octubre 1994.  Luego se presentó del 22-26 de febrero 1995 también en el Teatro Julia de Burgos y luego en el Chamizal Memorial Park el 6 de marzo de 1995.'),(415,3,6,77,'La trasescena',1995,'No salió fuera del campus'),(416,3,6,78,'DE NUNCA ACAAABAR',1995,'Correo San Valentín - Ana Lydia Vega / Hostos, brother, esto está difícil - Magaly García Ramis / Marina y su olor - Mayra Santos / La crianza, Con la boca es un mamey -Kalman Barsy / Escrito sobre nos esejuelos - Escrito sobre un pañuelo / Escrito sobre un anillo / Escrito sobre un botón - Antonio Martorel'),(417,3,6,78,' Hostos, brother, esto está difícil',1995,'Correo San Valentín - Ana Lydia Vega / Hostos, brother, esto está difícil - Magaly García Ramis / Marina y su olor - Mayra Santos / La crianza, Con la boca es un mamey -Kalman Barsy / Escrito sobre nos esejuelos - Escrito sobre un pañuelo / Escrito sobre un anillo / Escrito sobre un botón - Antonio Martorel'),(418,3,6,78,' Marina y su olor',1995,'Correo San Valentín - Ana Lydia Vega / Hostos, brother, esto está difícil - Magaly García Ramis / Marina y su olor - Mayra Santos / La crianza, Con la boca es un mamey -Kalman Barsy / Escrito sobre nos esejuelos - Escrito sobre un pañuelo / Escrito sobre un anillo / Escrito sobre un botón - Antonio Martorel'),(419,3,6,78,' La crianza, Con la boca es un mamey',1995,'Correo San Valentín - Ana Lydia Vega / Hostos, brother, esto está difícil - Magaly García Ramis / Marina y su olor - Mayra Santos / La crianza, Con la boca es un mamey -Kalman Barsy / Escrito sobre nos esejuelos - Escrito sobre un pañuelo / Escrito sobre un anillo / Escrito sobre un botón - Antonio Martorel'),(420,3,6,78,' Escrito sobre los espejuelos - Escrito sobre un pañuelo / Escrito sobre un anillo / Escrito sobre un botón',1995,'Correo San Valentín - Ana Lydia Vega / Hostos, brother, esto está difícil - Magaly García Ramis / Marina y su olor - Mayra Santos / La crianza, Con la boca es un mamey -Kalman Barsy / Escrito sobre nos esejuelos - Escrito sobre un pañuelo / Escrito sobre un anillo / Escrito sobre un botón - Antonio Martorel'),(421,3,6,79,'Sueño de una noche de verano',1995,'Esta obra inauguró la Glorieta Santiago Veve de la Facultad de Humanidades como espacio alterno del Departamento de Drama.  No rodó fuera del campus universitario.'),(422,3,6,80,'Una foto ',1995,'Montadas en el Teatro Julia de Burgos.  Nunca salieron fuera del campus.'),(423,3,6,80,'La casita de los viejos',1995,'Montadas en el Teatro Julia de Burgos.  Nunca salieron fuera del campus.'),(424,3,6,81,'Los melindres de Belisa',1996,'Invitados de honor al 25to aniversario del Festival de Teatro del Siglo de Oro Español, en El Paso, Texas.'),(425,3,6,82,'Jardín de pulpos',1996,'Se montó en el Teatro Julia de Burgos pero no rodó fuera del campus.  El Círculo de Críticos de Teatro de Puerto Rico le concedió un premio especial como Mejor Producción del año.  José Checo Cuevas es premiado por Mejor Escenografía.  La obra se repone al final del semestre auspiciada p0r la Oficina de Actividades Culturales.'),(426,3,6,83,'Señoritas en concierto',1997,'Se representó frente a La Torre de la UPR y también fuera del campus.'),(427,3,7,84,'Arlequín, servidor de dos amos',1997,'Se representó en la Glorieta Santiago Veve.'),(428,3,7,85,'Procesión',1998,'Se representó en el Teatro Julia de Burgos.'),(429,3,7,86,'Bohemia 18, Altos',1999,'Taller de Teatro Experimental.  Participó en el III Bienal Internacional de Teatro Universitario Alicante-Valencia-Murcia, España'),(430,3,7,87,'Las báquides',1999,'Se representó en la Glorieta Santiago Veve.  No salió fuera del campus.'),(431,3,7,88,'Antígona',1999,'Se representó en el Teatro Julia de Burgos. No salió fuera del campus.'),(432,3,7,89,'Mañana será otro día',2000,'Se representó en el Teatro Julia de Burgos y luego participó en el XXV Festival de Teatro del Siglo de Oro Español del Chamizal Memorial Park, El Paso, Texas.'),(433,3,8,90,'Pastores de la ciudad',2000,'Se representó frente a La Torre de la UPR y también fuera del campus.'),(434,3,8,91,'La Celestina',2001,'Se representó en el Teatro Julia de Burgos y no rodó fuera del campus.'),(435,3,8,92,'Los melindres de Belisa',2001,'Se representó con motivo de la inauguración del Corralón San José del Instituto de Cultura Puertorriqueña.'),(436,3,8,93,'Historias para ser contadas',2001,'Se hizo en homenaje a Osvaldo Dragún'),(437,3,8,94,'Mañanas de abril y mayo',2002,''),(438,3,8,95,'Los veraneantes',2002,'Dedicado a Leopoldo Santiago Lavandero, fundador del Teatro Universitario y del Teatro Rodante '),(439,3,8,96,'Proyecto Laramie',2003,'Se representó en el Teatro Julia de Burgos.'),(440,3,8,97,'El castigo del pensequé',2004,'Se representó en el teatro Julia de Burgos.  No salió fuera del campus.'),(441,3,8,98,'Cosas del día y Me saqué la lotería',2004,'Estas obras inauguraron el nuevo carromato del Teatro Rodante Universitario frente al Museo de Historia, Antropología y Arte de la Universidad de Puerto Rico.  Se realizan varias representaciones en la Isla.'),(442,3,9,99,'Cuentos, cuentos y más cuentos',2004,'Se representó en el Teatro Julia de Burgos.  Luego se adaptó al carromato y se presentó frente al Nuevo Edificio de Bellas Artes y la Facultad de Ciencias Naturales'),(443,3,9,100,'El retablo de Maese Sancho',2005,'Se representó en el Teatro Julia de Burgos del 1 al 6 de marzo de 2005 conmemorando el 400 aniversario de El Quijote. Se volvió a reponer del 26-29 mayo de 2005 en el Teatro Julia de Burgos.  Se representa por última vez a beneficio de la restauración del Teatro La Veleta en La Mancha, España.  Del 12-26 de marzo de 2005 participa en el 11mo Festival Interiago de Compostela, España.  En Puerto Rico se escenifica el 6 de septiembre de 2005 en el Teatro Ramón Figueroa Chapel en Mayagüez y también el 15 del mismo mes en la Universidad de Puerto Rico en Bayamón.  Vuelve a España a participar del 27 de noviembre al 4 de diciembre en el X Festival de Teatro Universitario de la Universidad de Murcia en el Aula de Teatro.'),(444,3,9,101,'Pastores de la ciudad',2005,'Estrenada en el Teatro Julia de Burgos ya que debido a las malas condiciones del tiempo no pudo ser estrenada en el Carromato.  No obstante, rodó por varios puntos de la Isla.'),(445,3,10,102,'La fierecilla domada',2006,'Se estrena con motivo del Retorno Universitario 2006 y el 60 Aniversario del Teatro Rodante Universitario, 1946-2006. Se estrena frente a La Torre de la Universidad de Puerto Rico en Río Piedras en la Plaza Baldorioty de Castro del 7 al 9 de marzo de 2006.'),(446,3,11,103,'La villana de Vallecas',2006,'Encuentro Universitario de Teatro del Siglo de Oro.  Se montó en el Teatro Julia de Burgos y rodará en el Carromato del Rodante.  Se presentó del 12-16 de febrero de 2007 en el Teatro Julia de Burgos. Del 28 de febrero-5 de marzo de 2007 fue a Texas al Festival de Chamizal del Siglo de Oro Español. Rodó en: Crearte en Río Piedras (28 marzo 2007) ; Universidad del Turabo (12 abril 2007) ; Monte Hatillo (1 mayo 2007)'),(447,3,12,104,'Títeres de cachiporra',2007,'En el carromato del Rodante frente a La Torre del 20-25 de febrero y 1-3 marzo 2007. Funciones en el Retorno UPR 2007, 11 marzo.  Rodó en: El Yunque (14-15 marzo 2007) ; Universidad del Turabo (11 abril 2007) ; Juana Díaz (11 mayo 2007) ; Parque Luis Muñoz Rivera (9 de septiembre de 2007) ; Centro de Bellas Artes Luis A. Ferré (10 y 11 de noviembre 2007).  Barrio Sábana Abajo en Carolina 5 y 6 de febrero de 2008 10:30 am. Función de la Escuela José M. Lázaro el 5 de marzo de 2008 fue cancelada por la Huelga de Maestros y el paro estudiantil de la UPR.'),(448,3,13,105,'Retablo Jovial',2007,'En el Teatro Julia de Burgos como antesala a su gira por España en la Huellas de la Barraca 2007, 19-24 junio 2007. Funciones en España en las Huellas de la Barraca durante el mes de julio de 2007.  Funciones en el Teatro Arcelay en Caguas del 7-9 sept. 2007, 29no Festival de Teatro en Caguas dedicado a Dean Zayas. Reestreno en el Teatro Julia de Burgos, 9-13 de noviembre de 2007.  Festival Internacional de Teatro Universitario Aula de Teatro Universidad de Murcia del 22-30 noviembre 2007.  En el carromato del Rodante, Centro de Bellas Artes Luis A. Ferré, Plazoleta Juan Morel Campos, 9 y 10 de febrero de 2008. Universidad del Este, Carolina, 21 de febrero de 2008. En el carromato del Rodante frente a La Torre UPR, Plaza Baldorioty, 10:00 am 11 marzo 2008.   El mancebo que casó con mujer brava se presentó el 12 de marzo 2008 en el Teatro Julia de Burgos como parte del Primer Congreso de Estudiantes Graduados de Estudios Hispánicos. Se presentó en el Colegio San Antonio de Guayama el 9 de abril de 2008.'),(449,3,14,106,'El Lazarillo',2008,'En el carromato del Rodante frente a La Torre en la Plaza Baldorioty del 7-12 de octubre de 2008. Se presentó para funciones escolares en el Teatro UPR el 9 y 10 de marzo 2009. Participarán en el Festival del Teatro Universitario de la Universidad de Santiago de Compostela en España del  22-27 de marzo 2009.'),(450,3,15,107,'Bodas de sangre',2009,'Se presentó en la Sala Carlos Marichal del Centro de Bellas Artes Luis A. Ferré del 12-15 marzo 2009.  Se presentará en el Teatro Julia de Burgos del 28 abril-3 mayo 2009.'),(451,3,16,108,'¡OJO, Fábulas Cautivas!',2009,'Colectivo del Teatro Rodante Universitario de la Prof. Rosa Luisa Márquez bajo la dirección de arte del maestro Antonio Martorell, del 24 de marzo al 2 de abril de 2009 en el Teatro Julia de Burgos.'),(452,3,17,109,'La gatomaquia',2009,'Huellas de la Barraca 2009, Teatro Rodante Universitario de la UPR en conjunto con el Aula de Teatro de la Universidad de Murcia en la Ruta 6 - Fiesta Lopesca por España'),(453,3,18,110,'Los melindres de Belisa',2009,'Se presentó en el Teatro Julia de Burgos del 22-27 septiembre 2009 y del 10-15 noviembre 2009.'),(454,3,19,111,'La posadera',2009,'Teatro Julia de Burgos 1-6 diciembre 2009 ; UPR Cayey (18 de febrero 2010) ; Universidad del Este (25 febrero 2010) ;  Centro de Bellas Artes de Carolina (4-7 marzo 2010) ; Carromato del Rodante, Semana de Aniversario UPR, Plaza Baldorioty frente a La Torre (15 de marzo 2010)'),(455,3,20,112,'La farsa de Maese Patelin',2010,'Carromato del Rodante en la Plaza Baldorioty, frente a La Torre UPRRP,  del 7-10 octubre 2010. Escuela Josefina Barceló de Guaynabo (miércoles 20 de octubre de 2010) ; Escuela Catalina Morales en Yabucoa (miércoles 27 de octubre de 2010) ; Escuela Superior Miguel de Cervantes Saavedra en Bayamón (miércoles 17 de noviembre de 2010) ; Universidad Central de Bayamón (miércoles 1 de diciembre 2010)  ; Girona,  España FITAG, 22-27 agosto 2011 ;  6-9 sept. 2011 Teatro Julia de Burgos ; Casa Abierta 2011, 30 de nov. 2011, Carromato del Rodante Plaza Baldorioty, Frente a La Torre ;  13-14 diciembre 2011, Municipio de Vieques ; 20 de marzo de 2011, Escuela Prisco Fuentes, Carolina PR ;  Casa Abierta UPRRP, 10 de abril de 2012 ; Colegio Bautista de Caguas, 8 de marzo de 2012 ; Centro de Bellas Artes, Luis A. Ferré 27 de marzo de 2012 en el Día Internacional del Teatro ;  3 de mayo de 2011, Colegio Sagrada Familia Corozal ; 4-6 de marzo de 2011, Sala Experimental Carlos Marichal, Centro de Bellas Artes Luis A. Ferré  ; 17 de marzo de 2011, Universidad del Turabo ; Escuela de Bellas Artes de Humacao, 8 de diciembre de 2010'),(456,3,21,113,'La muerta viva',2010,'Producto del curso de TEAT 4141 y TEAT 4805 Commedia dell\'Arte que dictó la Prof. Rosabel Otón. Estrenó bajo Teatro Universitario en la Glorieta Santiago Veve y rodó en: Teatro Ramón Frade en la Univesidad de Puerto Rico en Cayey el 2 de diciembre de 2010 a las 10:00 am y en el Teatro Calimano en Guayama el 3 de diciembre 2010 funciones a la 1:00pm y a las 8:00 pm. '),(457,3,22,114,'Retablo de la avaricia, la lujuria y la muerte:  Ligazón y La rosa de papel',2011,'Teatro Julia de Burgos, 27 de septiembre - 2 de octubre de 2011 ; Universidad Interamericana de Bayamón, 11 de octubre de 2011 ; Función adicional el lunes 3 de octubre de 2011 en el Teatro Julia de Burgos.'),(458,3,23,115,'Platero y Yo',2012,'Teatro Julia de Burgos, 17-29 de abril de 2012 ; Teatro El Sol en San Germán, 11 de mayo de 2012 ; Teatro La Perla en Ponce, 8 de junio de 2012 ; Teatro UPR, 2 de mayo de 2012, Museo de Arte de PR, 26 de junio 2012 ; Vestíbulo Teatro UPR,  15 de junio de 2012 ; Teatrito UPR, 31 de julio de 2012 como antesala antes de partir a Escocia al Fringe Festival ; Fringe Festival @Edinburgh Escocia 5-8 agosto 2012 (International College Theater Festival) ; Día de las Humanidades, 16 de octubre de 2012, Happenings desde el Tren Urbano hasta los edificios de la Facultad de Humanidades ; Teatrito UPR, 6 de octubre de 2012 como parte de la visita de la KCACTF ; Teatro Julia de Burgos, 30-31 de enero 2013 Platero and I, versión en  inglés como antesala para la función en Albany, Georgia como parte de la KCACTF de la Región IV ; KCACTF Region IV @Albany Municipal Auditorium, 7 de febrero de 2013 ; Escuela Pablo Casals en Bayamón, 27 de marzo de 2013 ; John F. Kennedy Center for the Performing Arts, Washington, D.C. 18 de abril de 2013 '),(459,3,24,116,'Hamlet ',2012,'Teatro Julia de Burgos, 23 de octubre-18 de noviembre 2012 ; 23-28 octubre (Hamlet); 29 octubre-4 noviembre 2012 (Romeo y Julieta) ; 5-7 nov. (receso electoral); 8, 10, 12, 14, 16, 18 nov. 2012 (Hamlet) ; 9, 11, 13, 15, 17 nov. 2012 (Romeo y Julieta) Formó parte de la Celebración de los 50 años del Teatro Escolar y el Centenario de Leopoldo Santiago Lavandero, 1912-2012. Estas obra no rodaron fuera del Recinto de Río Piedras.'),(460,3,25,116,'Romeo y Julieta',2012,'Teatro Julia de Burgos, 23 de octubre-18 de noviembre 2012 ; 23-28 octubre (Hamlet); 29 octubre-4 noviembre 2012 (Romeo y Julieta) ; 5-7 nov. (receso electoral); 8, 10, 12, 14, 16, 18 nov. 2012 (Hamlet) ; 9, 11, 13, 15, 17 nov. 2012 (Romeo y Julieta) Formó parte de la Celebración de los 50 años del Teatro Escolar y el Centenario de Leopoldo Santiago Lavandero, 1912-2012. Estas obra no rodaron fuera del Recinto de Río Piedras.'),(461,3,26,117,'El paso de las aceitunas',2012,'Arsenal de la Puntilla, 6 de diciembre de 2012 ; Teatro Tapia, comp arte de los San Juan Drama Club Awards, 17 de diciembre de 2012'),(462,3,27,118,'Entremeses de Cervantes (El viejo celoso, Retablo de las maravillas)',2013,'Los habladores y Viejo celoso (20 de marzo 2013 en Universidad del Turabo); (7 de marzo de 2013, Universidad Central de Bayamón); Los habladores (19 de enero de 2013, Plaza de Armas Viejo San Juan, Fiestas de la Calle San Sebastián) ; El viejo celoso (Colegio San Antonio, 9 de marzo de 2013 como parte de La Liga de Oratoria de Español B); El retablo de las maravillas (24 de abril de 2013, Universidad del Turabo; 28 de abril de 2013, Carromato del Rodante frente a La Torre UPR, Verbena)'),(463,3,28,119,'Entremeses de Cervantes (Los habladores)',2013,'Se presentaron en  el Teatro UPR en la actividad de bienvenida de los estudiantes de nuevo ingreso el 8 de agosto de 2013.'),(464,3,29,120,'La dama boba',2013,'Teatro Julia de Burgos, 24 de septiembre-6 de octubre de 2013 en homenaje a los 450 años de Lope de Vega y en los 400 años de La dama boba.  Funciones escolares en el Teatro Julia de Burgos.'),(465,3,30,121,'Platero y Yo',2013,'Teatro Julia de Burgos, 15-20 de octubre de 2013.  Funciones escolares en el Teatro Julia de Burgos, martes 15, miércoles 16 y jueves 17 a las 10 am ; miércoles 16 a la 1 pm. 14 de noviembre de 2013 se presentó en la actividad de la Verbena Navideña en las Facultades de Ciencias Sociales y Administración de Empresas. Teatro UPR de UPR Bayamón, 4 de febrero de 2014 ; 20 de febrero de 2014, Salón Teatro-XX Festival de Teatro Universitario de la Universidad de Santiago de Compostela ; 27 de febrero de 2014, Ateneo de Madrid ; 6 de marzo de 2014, Anfiteatro #1 Facultad de Estudios Generales, se presentaron como invitados al concierto de Coralia, Un sueño a voces : gala Concierto ; 23 de marzo de 2014, De vuelta a la Iupi, en el Carromato del Rodante en la Plaza Baldorioty frente a La Torre ; 28 de marzo de 2014, Teatro UPR en co-producción con Teatro Círculo ; 6 de junio de 2014, Casa de la Prof. Julia Thompson, se presentaron algunos cuentos al presidente de la UPR, Dr. Uroyoán Walker y a la Legislatura de Puerto Rico.  '),(466,3,31,122,'Las brujas de Salem',2014,'29 de abril-10 mayo 2014 - Teatro Julia de Burgos ; Funciones escolares 5 y 7 de mayo a las 10 am ; Se extendieron funciones lunes 12 y martes 13 de mayo.   Centro de Bellas Artes Luis A. Ferré, Sala Experimental Carlos Marichal, 21-24 agosto 2014 como parte del Festival Interamericano de las Artes. '),(467,3,32,123,'Pastores de la ciudad',2014,'4-7 diciembre 2014 en el carromato del Rodante en la Plaza Baldorioty frente a La Torre UPRRP.  12 y 13 de diciembre 2014 en el Municipio de Culebra.'),(468,3,33,124,'Las sirvientas',2014,'6-15 febrero 2015 en el Escenario Teatro UPR.  24 de febrero 2015 en el Teatro UPR Bayamón (Universidad de Puerto Rico en Bayamón). Se presentó en el Centro de Bellas Artes del 8-11 de octubre de 2015. '),(469,3,34,125,'Libro de buen amor',2015,'10-15 de marzo de 2015 en el Carromato en la Plaza Baldorioty Torre UPR.  Se presentó el 10 de abril de 2015 en Orocovis.  Viajó a España del 20-27 de marzo 2015.  Se presentó el 24 de marzo en el Escuela de Arte Dramático de Murcia, el 25 de marzo en la Real Escuela de Arte Dramático en Madrid y el 27 de marzo en CELCIT (Centro Latinoamericano de Investigación Teatral en Almagro)'),(470,3,35,126,'La mandrágora',2015,'22-27 septiembre 2015 - Teatro Julia de Burgos.  Ciclo histórico de teatro.  No rodó fuera del campus.'),(471,3,36,127,'Me saqué la lotería  ',2015,'3-5 diciembre 2015 en el Carromato del Rodante frente a La Torre UPRRP y el 6 de diciembre en el Jardín Botánico de la UPR a las 2 pm en el Food Truck Fest. Se presentó en el Municpio de Culebra 11-12 diciembre 2015. Se presentó el 21 y 22 de enero de 2016 en Ponce en UPR EXPO 2016 en el Complejo Ferial en Ponce. Se presentó en la Escuela Francisco Valdés en Río Cañas en un homenaje que se le hiciera a su director Dean Zayas, exalumno de esa escuela el 17 de marzo de 2016. '),(472,3,37,128,'Trabajos de amor perdidos',2016,'30 marzo-6 abril 2016 en el Teatro Julia de Burgos como parte del ciclo histórico teatral y los 400 años de la muerte de Shakespeare.  Se presentó en la Universidad del Turabo, el 31 de marzo en un vestíbulo sin escenografía.'),(473,3,38,129,'La casa de Bernarda Alba                       (Trilogía Lorquiana)',2016,'23-25 septiembre/30 septiembre-2 octubre 2016, Teatro Julia de Burgos.  Funciones escolares - 26-30 septiembre y lunes 3 de octubre a las 10 am.  Función del 23 de septiembre cancelada por falta de energía eléctrica.  Se añade función el jueves 29 de septiembre a las 4 pm.  Domingo 25 de septiembre función a las 4, 8 y 10 pm.  Trilogía Lorquiana en conmemoración de los 80 años de la muerte del poeta y el 70 aniversario del Teatro Rodante Universitario.'),(474,3,39,130,'Bodas de sangre                      (Trilogía Lorquiana)',2016,'14-16/21-23 octubre 2016, Teatro Julia de Burgos.  Funciones escolares - 17-21 octubre y lunes 24 de octubre a las 10 am.   Se añade función el jueves 20 de octubre a las 4 pm.  Domingo 23 de octubre función a las 4 y 8 pm.  Trilogía Lorquiana en conmemoración de los 80 años de la muerte del poeta y el 70 aniversario del Teatro Rodante Universitario.'),(475,3,40,131,'Yerma (Trilogía Lorquiana)',2016,'15-20 noviembre 2016, Teatro Julia de Burgos.  Funciones escolares - 14 y 15 noviembre a las 10 am.    Domingo 20 de noviembre función a las 4 y 8 pm.  Trilogía Lorquiana en conmemoración de los 80 años de la muerte del poeta y el 70 aniversario del Teatro Rodante Universitario.'),(476,3,41,132,'Cosas del día y Me saqué la lotería',2017,'5-9 julio 2017 en el Carromato del Rodante en la Plaza Baldorioty frente a La Torre UPRRP.  Miércoles 5 al sábado 8 a las 8 de la noche y domingo 9 a las 4 de la tarde.');
/*!40000 ALTER TABLE `Obras` ENABLE KEYS */;
UNLOCK TABLES;

--
-- Table structure for table `Teatros`
--

DROP TABLE IF EXISTS `Teatros`;
/*!40101 SET @saved_cs_client     = @@character_set_client */;
/*!40101 SET character_set_client = utf8 */;
CREATE TABLE `Teatros` (
  `teatro_id` int(4) NOT NULL AUTO_INCREMENT,
  `nombre_teatro` varchar(32) NOT NULL,
  PRIMARY KEY (`teatro_id`),
  UNIQUE KEY `nombre_teatro` (`nombre_teatro`)
) ENGINE=InnoDB AUTO_INCREMENT=4 DEFAULT CHARSET=utf8;
/*!40101 SET character_set_client = @saved_cs_client */;

--
-- Dumping data for table `Teatros`
--

LOCK TABLES `Teatros` WRITE;
/*!40000 ALTER TABLE `Teatros` DISABLE KEYS */;
INSERT INTO `Teatros` VALUES (1,'Teatro Comedieta'),(3,'Teatro Rodante'),(2,'Teatro Universitario');
/*!40000 ALTER TABLE `Teatros` ENABLE KEYS */;
UNLOCK TABLES;
/*!40103 SET TIME_ZONE=@OLD_TIME_ZONE */;

/*!40101 SET SQL_MODE=@OLD_SQL_MODE */;
/*!40014 SET FOREIGN_KEY_CHECKS=@OLD_FOREIGN_KEY_CHECKS */;
/*!40014 SET UNIQUE_CHECKS=@OLD_UNIQUE_CHECKS */;
/*!40101 SET CHARACTER_SET_CLIENT=@OLD_CHARACTER_SET_CLIENT */;
/*!40101 SET CHARACTER_SET_RESULTS=@OLD_CHARACTER_SET_RESULTS */;
/*!40101 SET COLLATION_CONNECTION=@OLD_COLLATION_CONNECTION */;
/*!40111 SET SQL_NOTES=@OLD_SQL_NOTES */;

-- Dump completed on 2017-08-22 16:44:09
